"X","Temp","DateTime"
1,24.641,2025-03-14 14:07:45
2,NA,2025-03-14 14:07:51
3,22.238,2025-03-14 15:07:45
4,21.855,2025-03-14 16:07:45
5,21.473,2025-03-14 17:07:45
6,21.473,2025-03-14 18:07:45
7,21.282,2025-03-14 19:07:45
8,21.282,2025-03-14 20:07:45
9,21.187,2025-03-14 21:07:45
10,21.282,2025-03-14 22:07:45
11,21.187,2025-03-14 23:07:45
12,21.187,2025-03-15 00:07:45
13,21.091,2025-03-15 01:07:45
14,21.187,2025-03-15 02:07:45
15,21.091,2025-03-15 03:07:45
16,21.091,2025-03-15 04:07:45
17,21.091,2025-03-15 05:07:45
18,21.091,2025-03-15 06:07:45
19,21.091,2025-03-15 07:07:45
20,23.1,2025-03-15 08:07:45
21,25.61,2025-03-15 09:07:45
22,22.812,2025-03-15 10:07:45
23,22.238,2025-03-15 11:07:45
24,21.76,2025-03-15 12:07:45
25,21.664,2025-03-15 13:07:45
26,21.664,2025-03-15 14:07:45
27,21.473,2025-03-15 15:07:45
28,21.378,2025-03-15 16:07:45
29,21.282,2025-03-15 17:07:45
30,21.187,2025-03-15 18:07:45
31,21.282,2025-03-15 19:07:45
32,21.282,2025-03-15 20:07:45
33,21.282,2025-03-15 21:07:45
34,21.282,2025-03-15 22:07:45
35,21.187,2025-03-15 23:07:45
36,21.282,2025-03-16 00:07:45
37,21.187,2025-03-16 01:07:45
38,21.187,2025-03-16 02:07:45
39,21.187,2025-03-16 03:07:45
40,21.282,2025-03-16 04:07:45
41,21.187,2025-03-16 05:07:45
42,21.282,2025-03-16 06:07:45
43,21.282,2025-03-16 07:07:45
44,21.569,2025-03-16 08:07:45
45,21.951,2025-03-16 09:07:45
46,21.76,2025-03-16 10:07:45
47,21.855,2025-03-16 11:07:45
48,21.569,2025-03-16 12:07:45
49,21.569,2025-03-16 13:07:45
50,21.569,2025-03-16 14:07:45
51,21.569,2025-03-16 15:07:45
52,21.569,2025-03-16 16:07:45
53,21.473,2025-03-16 17:07:45
54,21.473,2025-03-16 18:07:45
55,21.282,2025-03-16 19:07:45
56,21.282,2025-03-16 20:07:45
57,21.187,2025-03-16 21:07:45
58,21.282,2025-03-16 22:07:45
59,21.091,2025-03-16 23:07:45
60,21.187,2025-03-17 00:07:45
61,21.187,2025-03-17 01:07:45
62,21.282,2025-03-17 02:07:45
63,21.187,2025-03-17 03:07:45
64,21.091,2025-03-17 04:07:45
65,21.091,2025-03-17 05:07:45
66,21.187,2025-03-17 06:07:45
67,21.282,2025-03-17 07:07:45
68,20.329,2025-03-17 08:07:45
69,17.094,2025-03-17 09:07:45
70,12.883,2025-03-17 10:07:45
71,13.076,2025-03-17 11:07:45
72,16.237,2025-03-17 12:07:45
73,21.569,2025-03-17 13:07:45
74,22.238,2025-03-17 14:07:45
75,NA,2025-03-17 14:32:04
76,NA,2025-03-17 14:32:05
77,21.855,2025-03-17 15:07:45
78,22.333,2025-03-17 16:07:45
79,17.76,2025-03-17 17:07:45
80,17.284,2025-03-17 18:07:45
81,17.284,2025-03-17 19:07:45
82,17.284,2025-03-17 20:07:45
83,17.094,2025-03-17 21:07:45
84,16.903,2025-03-17 22:07:45
85,16.713,2025-03-17 23:07:45
86,16.332,2025-03-18 00:07:45
87,16.237,2025-03-18 01:07:45
88,16.141,2025-03-18 02:07:45
89,16.046,2025-03-18 03:07:45
90,15.951,2025-03-18 04:07:45
91,15.855,2025-03-18 05:07:45
92,15.76,2025-03-18 06:07:45
93,15.855,2025-03-18 07:07:45
94,16.237,2025-03-18 08:07:45
95,15.951,2025-03-18 09:07:45
96,15.378,2025-03-18 10:07:45
97,2.195,2025-03-18 11:07:45
98,2.517,2025-03-18 12:07:45
99,2.624,2025-03-18 13:07:45
100,3.998,2025-03-18 14:07:45
101,3.367,2025-03-18 15:07:45
102,3.578,2025-03-18 16:07:45
103,3.788,2025-03-18 17:07:45
104,3.893,2025-03-18 18:07:45
105,3.788,2025-03-18 19:07:45
106,3.788,2025-03-18 20:07:45
107,3.683,2025-03-18 21:07:45
108,3.683,2025-03-18 22:07:45
109,3.683,2025-03-18 23:07:45
110,3.578,2025-03-19 00:07:45
111,3.472,2025-03-19 01:07:45
112,3.367,2025-03-19 02:07:45
113,3.261,2025-03-19 03:07:45
114,3.155,2025-03-19 04:07:45
115,3.049,2025-03-19 05:07:45
116,2.837,2025-03-19 06:07:45
117,2.837,2025-03-19 07:07:45
118,2.837,2025-03-19 08:07:45
119,2.837,2025-03-19 09:07:45
120,3.155,2025-03-19 10:07:45
121,3.367,2025-03-19 11:07:45
122,3.998,2025-03-19 12:07:45
123,3.893,2025-03-19 13:07:45
124,4.623,2025-03-19 14:07:45
125,4.519,2025-03-19 15:07:45
126,4.727,2025-03-19 16:07:45
127,4.934,2025-03-19 17:07:45
128,4.934,2025-03-19 18:07:45
129,4.831,2025-03-19 19:07:45
130,4.623,2025-03-19 20:07:45
131,4.519,2025-03-19 21:07:45
132,4.415,2025-03-19 22:07:45
133,4.311,2025-03-19 23:07:45
134,4.207,2025-03-20 00:07:45
135,4.102,2025-03-20 01:07:45
136,3.998,2025-03-20 02:07:45
137,3.788,2025-03-20 03:07:45
138,3.578,2025-03-20 04:07:45
139,3.472,2025-03-20 05:07:45
140,3.261,2025-03-20 06:07:45
141,3.155,2025-03-20 07:07:45
142,3.261,2025-03-20 08:07:45
143,3.155,2025-03-20 09:07:45
144,3.367,2025-03-20 10:07:45
145,3.683,2025-03-20 11:07:45
146,4.102,2025-03-20 12:07:45
147,4.207,2025-03-20 13:07:45
148,4.727,2025-03-20 14:07:45
149,4.519,2025-03-20 15:07:45
150,4.727,2025-03-20 16:07:45
151,4.831,2025-03-20 17:07:45
152,4.727,2025-03-20 18:07:45
153,4.623,2025-03-20 19:07:45
154,4.519,2025-03-20 20:07:45
155,4.415,2025-03-20 21:07:45
156,4.311,2025-03-20 22:07:45
157,4.207,2025-03-20 23:07:45
158,4.102,2025-03-21 00:07:45
159,3.893,2025-03-21 01:07:45
160,3.788,2025-03-21 02:07:45
161,3.578,2025-03-21 03:07:45
162,3.367,2025-03-21 04:07:45
163,3.155,2025-03-21 05:07:45
164,3.049,2025-03-21 06:07:45
165,2.943,2025-03-21 07:07:45
166,2.943,2025-03-21 08:07:45
167,2.837,2025-03-21 09:07:45
168,3.049,2025-03-21 10:07:45
169,3.367,2025-03-21 11:07:45
170,3.998,2025-03-21 12:07:45
171,3.893,2025-03-21 13:07:45
172,4.831,2025-03-21 14:07:45
173,4.519,2025-03-21 15:07:45
174,4.623,2025-03-21 16:07:45
175,4.727,2025-03-21 17:07:45
176,4.727,2025-03-21 18:07:45
177,4.623,2025-03-21 19:07:45
178,4.519,2025-03-21 20:07:45
179,4.415,2025-03-21 21:07:45
180,4.311,2025-03-21 22:07:45
181,4.207,2025-03-21 23:07:45
182,4.207,2025-03-22 00:07:45
183,4.207,2025-03-22 01:07:45
184,4.102,2025-03-22 02:07:45
185,4.102,2025-03-22 03:07:45
186,3.998,2025-03-22 04:07:45
187,3.998,2025-03-22 05:07:45
188,3.998,2025-03-22 06:07:45
189,3.998,2025-03-22 07:07:45
190,4.102,2025-03-22 08:07:45
191,4.207,2025-03-22 09:07:45
192,4.311,2025-03-22 10:07:45
193,4.415,2025-03-22 11:07:45
194,4.415,2025-03-22 12:07:45
195,4.727,2025-03-22 13:07:45
196,5.244,2025-03-22 14:07:45
197,4.727,2025-03-22 15:07:45
198,4.831,2025-03-22 16:07:45
199,4.831,2025-03-22 17:07:45
200,4.727,2025-03-22 18:07:45
201,4.623,2025-03-22 19:07:45
202,4.415,2025-03-22 20:07:45
203,4.311,2025-03-22 21:07:45
204,4.207,2025-03-22 22:07:45
205,3.998,2025-03-22 23:07:45
206,3.893,2025-03-23 00:07:45
207,3.893,2025-03-23 01:07:45
208,3.788,2025-03-23 02:07:45
209,3.788,2025-03-23 03:07:45
210,3.578,2025-03-23 04:07:45
211,3.472,2025-03-23 05:07:45
212,3.367,2025-03-23 06:07:45
213,3.367,2025-03-23 07:07:45
214,3.472,2025-03-23 08:07:45
215,3.578,2025-03-23 09:07:45
216,3.788,2025-03-23 10:07:45
217,4.311,2025-03-23 11:07:45
218,4.831,2025-03-23 12:07:45
219,4.934,2025-03-23 13:07:45
220,5.962,2025-03-23 14:07:45
221,5.347,2025-03-23 15:07:45
222,5.45,2025-03-23 16:07:45
223,5.552,2025-03-23 17:07:45
224,5.347,2025-03-23 18:07:45
225,5.141,2025-03-23 19:07:45
226,4.831,2025-03-23 20:07:45
227,4.623,2025-03-23 21:07:45
228,4.519,2025-03-23 22:07:45
229,4.311,2025-03-23 23:07:45
230,4.207,2025-03-24 00:07:45
231,3.998,2025-03-24 01:07:45
232,3.893,2025-03-24 02:07:45
233,3.683,2025-03-24 03:07:45
234,3.472,2025-03-24 04:07:45
235,3.261,2025-03-24 05:07:45
236,3.155,2025-03-24 06:07:45
237,3.049,2025-03-24 07:07:45
238,3.155,2025-03-24 08:07:45
239,3.261,2025-03-24 09:07:45
240,3.472,2025-03-24 10:07:45
241,3.998,2025-03-24 11:07:45
242,4.519,2025-03-24 12:07:45
243,4.519,2025-03-24 13:07:45
244,5.962,2025-03-24 14:07:45
245,5.037,2025-03-24 15:07:45
246,5.244,2025-03-24 16:07:45
247,5.347,2025-03-24 17:07:45
248,5.244,2025-03-24 18:07:45
249,5.037,2025-03-24 19:07:45
250,4.831,2025-03-24 20:07:45
251,4.727,2025-03-24 21:07:45
252,4.519,2025-03-24 22:07:45
253,4.415,2025-03-24 23:07:45
254,4.311,2025-03-25 00:07:45
255,4.207,2025-03-25 01:07:45
256,3.998,2025-03-25 02:07:45
257,3.998,2025-03-25 03:07:45
258,3.893,2025-03-25 04:07:45
259,3.893,2025-03-25 05:07:45
260,3.788,2025-03-25 06:07:45
261,3.893,2025-03-25 07:07:45
262,4.102,2025-03-25 08:07:45
263,4.207,2025-03-25 09:07:45
264,4.415,2025-03-25 10:07:45
265,4.519,2025-03-25 11:07:45
266,4.727,2025-03-25 12:07:45
267,4.934,2025-03-25 13:07:45
268,5.037,2025-03-25 14:07:45
269,5.141,2025-03-25 15:07:45
270,5.141,2025-03-25 16:07:45
271,5.244,2025-03-25 17:07:45
272,5.244,2025-03-25 18:07:45
273,5.244,2025-03-25 19:07:45
274,5.244,2025-03-25 20:07:45
275,5.347,2025-03-25 21:07:45
276,5.347,2025-03-25 22:07:45
277,5.347,2025-03-25 23:07:45
278,5.347,2025-03-26 00:07:45
279,5.45,2025-03-26 01:07:45
280,5.45,2025-03-26 02:07:45
281,5.45,2025-03-26 03:07:45
282,5.45,2025-03-26 04:07:45
283,5.45,2025-03-26 05:07:45
284,5.45,2025-03-26 06:07:45
285,5.45,2025-03-26 07:07:45
286,5.552,2025-03-26 08:07:45
287,5.655,2025-03-26 09:07:45
288,5.757,2025-03-26 10:07:45
289,5.86,2025-03-26 11:07:45
290,5.962,2025-03-26 12:07:45
291,6.064,2025-03-26 13:07:45
292,6.166,2025-03-26 14:07:45
293,6.166,2025-03-26 15:07:45
294,6.166,2025-03-26 16:07:45
295,6.166,2025-03-26 17:07:45
296,6.064,2025-03-26 18:07:45
297,5.962,2025-03-26 19:07:45
298,5.757,2025-03-26 20:07:45
299,5.655,2025-03-26 21:07:45
300,5.552,2025-03-26 22:07:45
301,5.347,2025-03-26 23:07:45
302,5.244,2025-03-27 00:07:45
303,5.141,2025-03-27 01:07:45
304,5.037,2025-03-27 02:07:45
305,4.934,2025-03-27 03:07:45
306,4.831,2025-03-27 04:07:45
307,4.727,2025-03-27 05:07:45
308,4.623,2025-03-27 06:07:45
309,4.623,2025-03-27 07:07:45
310,4.727,2025-03-27 08:07:45
311,4.831,2025-03-27 09:07:45
312,5.141,2025-03-27 10:07:45
313,5.757,2025-03-27 11:07:45
314,5.962,2025-03-27 12:07:45
315,6.166,2025-03-27 13:07:45
316,6.573,2025-03-27 14:07:45
317,6.573,2025-03-27 15:07:45
318,6.674,2025-03-27 16:07:45
319,6.674,2025-03-27 17:07:45
320,6.674,2025-03-27 18:07:45
321,6.674,2025-03-27 19:07:45
322,6.573,2025-03-27 20:07:45
323,6.573,2025-03-27 21:07:45
324,6.573,2025-03-27 22:07:45
325,6.573,2025-03-27 23:07:45
326,6.573,2025-03-28 00:07:45
327,6.573,2025-03-28 01:07:45
328,6.471,2025-03-28 02:07:45
329,6.37,2025-03-28 03:07:45
330,6.268,2025-03-28 04:07:45
331,6.268,2025-03-28 05:07:45
332,6.166,2025-03-28 06:07:45
333,6.268,2025-03-28 07:07:45
334,6.37,2025-03-28 08:07:45
335,6.573,2025-03-28 09:07:45
336,6.978,2025-03-28 10:07:45
337,7.882,2025-03-28 11:07:45
338,7.983,2025-03-28 12:07:45
339,8.182,2025-03-28 13:07:45
340,9.077,2025-03-28 14:07:45
341,8.68,2025-03-28 15:07:45
342,8.879,2025-03-28 16:07:45
343,8.978,2025-03-28 17:07:45
344,8.978,2025-03-28 18:07:45
345,8.779,2025-03-28 19:07:45
346,8.382,2025-03-28 20:07:45
347,8.182,2025-03-28 21:07:45
348,7.882,2025-03-28 22:07:45
349,7.682,2025-03-28 23:07:45
350,7.481,2025-03-29 00:07:45
351,7.28,2025-03-29 01:07:45
352,7.079,2025-03-29 02:07:45
353,6.877,2025-03-29 03:07:45
354,6.674,2025-03-29 04:07:45
355,6.37,2025-03-29 05:07:45
356,6.166,2025-03-29 06:07:45
357,6.064,2025-03-29 07:07:45
358,6.064,2025-03-29 08:07:45
359,6.268,2025-03-29 09:07:45
360,6.674,2025-03-29 10:07:45
361,7.28,2025-03-29 11:07:45
362,7.381,2025-03-29 12:07:45
363,7.682,2025-03-29 13:07:45
364,8.182,2025-03-29 14:07:45
365,8.182,2025-03-29 15:07:45
366,8.282,2025-03-29 16:07:45
367,8.382,2025-03-29 17:07:45
368,8.382,2025-03-29 18:07:45
369,8.282,2025-03-29 19:07:45
370,8.182,2025-03-29 20:07:45
371,7.983,2025-03-29 21:07:45
372,7.682,2025-03-29 22:07:45
373,7.481,2025-03-29 23:07:45
374,7.381,2025-03-30 00:07:45
375,7.179,2025-03-30 01:07:45
376,6.978,2025-03-30 02:07:45
377,6.775,2025-03-30 03:07:45
378,6.471,2025-03-30 04:07:45
379,6.268,2025-03-30 05:07:45
380,6.166,2025-03-30 06:07:45
381,6.064,2025-03-30 07:07:45
382,5.962,2025-03-30 08:07:45
383,6.064,2025-03-30 09:07:45
384,6.166,2025-03-30 10:07:45
385,6.37,2025-03-30 11:07:45
386,6.37,2025-03-30 12:07:45
387,6.471,2025-03-30 13:07:45
388,6.471,2025-03-30 14:07:45
389,6.573,2025-03-30 15:07:45
390,6.471,2025-03-30 16:07:45
391,6.471,2025-03-30 17:07:45
392,6.37,2025-03-30 18:07:45
393,6.268,2025-03-30 19:07:45
394,6.268,2025-03-30 20:07:45
395,6.166,2025-03-30 21:07:45
396,6.166,2025-03-30 22:07:45
397,6.166,2025-03-30 23:07:45
398,6.166,2025-03-31 00:07:45
399,6.166,2025-03-31 01:07:45
400,6.064,2025-03-31 02:07:45
401,6.064,2025-03-31 03:07:45
402,5.962,2025-03-31 04:07:45
403,5.86,2025-03-31 05:07:45
404,5.86,2025-03-31 06:07:45
405,5.86,2025-03-31 07:07:45
406,5.86,2025-03-31 08:07:45
407,5.962,2025-03-31 09:07:45
408,6.471,2025-03-31 10:07:45
409,7.079,2025-03-31 11:07:45
410,7.28,2025-03-31 12:07:45
411,7.381,2025-03-31 13:07:45
412,7.481,2025-03-31 14:07:45
413,7.682,2025-03-31 15:07:45
414,7.782,2025-03-31 16:07:45
415,7.682,2025-03-31 17:07:45
416,7.682,2025-03-31 18:07:45
417,7.481,2025-03-31 19:07:45
418,7.28,2025-03-31 20:07:45
419,6.978,2025-03-31 21:07:45
420,6.877,2025-03-31 22:07:45
421,6.775,2025-03-31 23:07:45
422,6.573,2025-04-01 00:07:45
423,6.37,2025-04-01 01:07:45
424,6.166,2025-04-01 02:07:45
425,5.962,2025-04-01 03:07:45
426,5.757,2025-04-01 04:07:45
427,5.552,2025-04-01 05:07:45
428,5.45,2025-04-01 06:07:45
429,5.347,2025-04-01 07:07:45
430,5.45,2025-04-01 08:07:45
431,5.655,2025-04-01 09:07:45
432,6.064,2025-04-01 10:07:45
433,6.775,2025-04-01 11:07:45
434,7.481,2025-04-01 12:07:45
435,7.983,2025-04-01 13:07:45
436,8.879,2025-04-01 14:07:45
437,8.182,2025-04-01 15:07:45
438,8.382,2025-04-01 16:07:45
439,8.382,2025-04-01 17:07:45
440,8.282,2025-04-01 18:07:45
441,7.983,2025-04-01 19:07:45
442,7.582,2025-04-01 20:07:45
443,7.28,2025-04-01 21:07:45
444,6.978,2025-04-01 22:07:45
445,6.775,2025-04-01 23:07:45
446,6.471,2025-04-02 00:07:45
447,6.268,2025-04-02 01:07:45
448,6.064,2025-04-02 02:07:45
449,5.86,2025-04-02 03:07:45
450,5.655,2025-04-02 04:07:45
451,5.45,2025-04-02 05:07:45
452,5.244,2025-04-02 06:07:45
453,5.244,2025-04-02 07:07:45
454,5.45,2025-04-02 08:07:45
455,5.655,2025-04-02 09:07:45
456,6.37,2025-04-02 10:07:45
457,6.877,2025-04-02 11:07:45
458,7.582,2025-04-02 12:07:45
459,8.082,2025-04-02 13:07:45
460,9.472,2025-04-02 14:07:45
461,8.581,2025-04-02 15:07:45
462,8.879,2025-04-02 16:07:45
463,8.978,2025-04-02 17:07:45
464,8.879,2025-04-02 18:07:45
465,8.581,2025-04-02 19:07:45
466,8.282,2025-04-02 20:07:45
467,7.983,2025-04-02 21:07:45
468,7.782,2025-04-02 22:07:45
469,7.582,2025-04-02 23:07:45
470,7.381,2025-04-03 00:07:45
471,7.179,2025-04-03 01:07:45
472,6.978,2025-04-03 02:07:45
473,6.775,2025-04-03 03:07:45
474,6.674,2025-04-03 04:07:45
475,6.471,2025-04-03 05:07:45
476,6.268,2025-04-03 06:07:45
477,6.268,2025-04-03 07:07:45
478,6.471,2025-04-03 08:07:45
479,6.775,2025-04-03 09:07:45
480,7.381,2025-04-03 10:07:45
481,8.082,2025-04-03 11:07:45
482,8.978,2025-04-03 12:07:45
483,9.669,2025-04-03 13:07:45
484,10.357,2025-04-03 14:07:45
485,10.161,2025-04-03 15:07:45
486,10.357,2025-04-03 16:07:45
487,10.455,2025-04-03 17:07:45
488,10.259,2025-04-03 18:07:45
489,9.965,2025-04-03 19:07:45
490,9.669,2025-04-03 20:07:45
491,9.373,2025-04-03 21:07:45
492,9.176,2025-04-03 22:07:45
493,8.978,2025-04-03 23:07:45
494,8.779,2025-04-04 00:07:45
495,8.581,2025-04-04 01:07:45
496,8.481,2025-04-04 02:07:45
497,8.282,2025-04-04 03:07:45
498,8.082,2025-04-04 04:07:45
499,7.882,2025-04-04 05:07:45
500,7.782,2025-04-04 06:07:45
501,7.682,2025-04-04 07:07:45
502,7.882,2025-04-04 08:07:45
503,8.082,2025-04-04 09:07:45
504,8.282,2025-04-04 10:07:45
505,8.68,2025-04-04 11:07:45
506,8.978,2025-04-04 12:07:45
507,9.275,2025-04-04 13:07:45
508,9.571,2025-04-04 14:07:45
509,9.472,2025-04-04 15:07:45
510,9.373,2025-04-04 16:07:45
511,9.176,2025-04-04 17:07:45
512,8.879,2025-04-04 18:07:45
513,8.481,2025-04-04 19:07:45
514,7.983,2025-04-04 20:07:45
515,7.582,2025-04-04 21:07:45
516,7.179,2025-04-04 22:07:45
517,6.877,2025-04-04 23:07:45
518,6.674,2025-04-05 00:07:45
519,6.573,2025-04-05 01:07:45
520,6.37,2025-04-05 02:07:45
521,6.166,2025-04-05 03:07:45
522,5.86,2025-04-05 04:07:45
523,5.655,2025-04-05 05:07:45
524,5.45,2025-04-05 06:07:45
525,5.45,2025-04-05 07:07:45
526,5.552,2025-04-05 08:07:45
527,5.655,2025-04-05 09:07:45
528,5.962,2025-04-05 10:07:45
529,6.166,2025-04-05 11:07:45
530,6.877,2025-04-05 12:07:45
531,7.28,2025-04-05 13:07:45
532,7.179,2025-04-05 14:07:45
533,7.381,2025-04-05 15:07:45
534,7.381,2025-04-05 16:07:45
535,7.079,2025-04-05 17:07:45
536,6.877,2025-04-05 18:07:45
537,6.573,2025-04-05 19:07:45
538,6.166,2025-04-05 20:07:45
539,5.757,2025-04-05 21:07:45
540,5.347,2025-04-05 22:07:45
541,5.037,2025-04-05 23:07:45
542,4.727,2025-04-06 00:07:45
543,4.519,2025-04-06 01:07:45
544,4.207,2025-04-06 02:07:45
545,3.998,2025-04-06 03:07:45
546,1.98,2025-04-06 04:07:45
547,3.155,2025-04-06 05:07:45
548,0.121,2025-04-06 06:07:45
549,1.003,2025-04-06 07:07:45
550,1.548,2025-04-06 08:07:45
551,2.943,2025-04-06 09:07:45
552,4.207,2025-04-06 10:07:45
553,4.831,2025-04-06 11:07:45
554,5.037,2025-04-06 12:07:45
555,5.655,2025-04-06 13:07:45
556,5.552,2025-04-06 14:07:45
557,5.757,2025-04-06 15:07:45
558,5.757,2025-04-06 16:07:45
559,5.757,2025-04-06 17:07:45
560,5.655,2025-04-06 18:07:45
561,5.45,2025-04-06 19:07:45
562,5.244,2025-04-06 20:07:45
563,4.727,2025-04-06 21:07:45
564,5.141,2025-04-06 22:07:45
565,5.037,2025-04-06 23:07:45
566,5.141,2025-04-07 00:07:45
567,4.519,2025-04-07 01:07:45
568,4.934,2025-04-07 02:07:45
569,5.037,2025-04-07 03:07:45
570,4.934,2025-04-07 04:07:45
571,4.934,2025-04-07 05:07:45
572,4.934,2025-04-07 06:07:45
573,5.037,2025-04-07 07:07:45
574,5.244,2025-04-07 08:07:45
575,5.45,2025-04-07 09:07:45
576,5.552,2025-04-07 10:07:45
577,6.166,2025-04-07 11:07:45
578,6.573,2025-04-07 12:07:45
579,7.28,2025-04-07 13:07:45
580,8.382,2025-04-07 14:07:45
581,7.381,2025-04-07 15:07:45
582,7.28,2025-04-07 16:07:45
583,7.28,2025-04-07 17:07:45
584,6.978,2025-04-07 18:07:45
585,6.978,2025-04-07 19:07:45
586,6.573,2025-04-07 20:07:45
587,6.877,2025-04-07 21:07:45
588,6.166,2025-04-07 22:07:45
589,6.166,2025-04-07 23:07:45
590,5.244,2025-04-08 00:07:45
591,5.347,2025-04-08 01:07:45
592,4.519,2025-04-08 02:07:45
593,4.934,2025-04-08 03:07:45
594,4.623,2025-04-08 04:07:45
595,3.893,2025-04-08 05:07:45
596,2.303,2025-04-08 06:07:45
597,2.943,2025-04-08 07:07:45
598,4.831,2025-04-08 08:07:45
599,5.037,2025-04-08 09:07:45
600,5.347,2025-04-08 10:07:45
601,6.37,2025-04-08 11:07:45
602,8.182,2025-04-08 12:07:45
603,9.275,2025-04-08 13:07:45
604,13.846,2025-04-08 14:07:45
605,7.481,2025-04-08 15:07:45
606,6.978,2025-04-08 16:07:45
607,7.28,2025-04-08 17:07:45
608,6.37,2025-04-08 18:07:45
609,5.45,2025-04-08 19:07:45
610,5.757,2025-04-08 20:07:45
611,5.141,2025-04-08 21:07:45
612,4.934,2025-04-08 22:07:45
613,5.45,2025-04-08 23:07:45
614,5.244,2025-04-09 00:07:45
615,3.893,2025-04-09 01:07:45
616,5.45,2025-04-09 02:07:45
617,5.552,2025-04-09 03:07:45
618,5.655,2025-04-09 04:07:45
619,5.655,2025-04-09 05:07:45
620,6.064,2025-04-09 06:07:45
621,6.674,2025-04-09 07:07:45
622,8.182,2025-04-09 08:07:45
623,8.282,2025-04-09 09:07:45
624,8.879,2025-04-09 10:07:45
625,10.455,2025-04-09 11:07:45
626,9.866,2025-04-09 12:07:45
627,8.68,2025-04-09 13:07:45
628,8.581,2025-04-09 14:07:45
629,8.779,2025-04-09 15:07:45
630,9.077,2025-04-09 16:07:45
631,8.779,2025-04-09 17:07:45
632,8.581,2025-04-09 18:07:45
633,8.182,2025-04-09 19:07:45
634,7.882,2025-04-09 20:07:45
635,7.481,2025-04-09 21:07:45
636,7.079,2025-04-09 22:07:45
637,6.573,2025-04-09 23:07:45
638,4.623,2025-04-10 00:07:45
639,0.453,2025-04-10 01:07:45
640,0.453,2025-04-10 02:07:45
641,0.784,2025-04-10 03:07:45
642,3.683,2025-04-10 04:07:45
643,4.623,2025-04-10 05:07:45
644,4.519,2025-04-10 06:07:45
645,3.472,2025-04-10 07:07:45
646,3.683,2025-04-10 08:07:45
647,4.207,2025-04-10 09:07:45
648,5.244,2025-04-10 10:07:45
649,6.573,2025-04-10 11:07:45
650,7.28,2025-04-10 12:07:45
651,9.373,2025-04-10 13:07:45
652,12.883,2025-04-10 14:07:45
653,8.382,2025-04-10 15:07:45
654,8.481,2025-04-10 16:07:45
655,8.481,2025-04-10 17:07:45
656,7.882,2025-04-10 18:07:45
657,7.28,2025-04-10 19:07:45
658,7.28,2025-04-10 20:07:45
659,6.674,2025-04-10 21:07:45
660,6.573,2025-04-10 22:07:45
661,6.471,2025-04-10 23:07:45
662,6.37,2025-04-11 00:07:45
663,6.268,2025-04-11 01:07:45
664,6.064,2025-04-11 02:07:45
665,6.37,2025-04-11 03:07:45
666,6.471,2025-04-11 04:07:45
667,6.064,2025-04-11 05:07:45
668,6.166,2025-04-11 06:07:45
669,6.877,2025-04-11 07:07:45
670,6.674,2025-04-11 08:07:45
671,6.877,2025-04-11 09:07:45
672,7.582,2025-04-11 10:07:45
673,8.182,2025-04-11 11:07:45
674,8.978,2025-04-11 12:07:45
675,9.669,2025-04-11 13:07:45
676,10.944,2025-04-11 14:07:45
677,10.161,2025-04-11 15:07:45
678,10.063,2025-04-11 16:07:45
679,9.965,2025-04-11 17:07:45
680,9.768,2025-04-11 18:07:45
681,6.877,2025-04-11 19:07:45
682,5.244,2025-04-11 20:07:45
683,4.519,2025-04-11 21:07:45
684,3.998,2025-04-11 22:07:45
685,3.788,2025-04-11 23:07:45
686,3.472,2025-04-12 00:07:45
687,3.049,2025-04-12 01:07:45
688,2.943,2025-04-12 02:07:45
689,2.088,2025-04-12 03:07:45
690,2.624,2025-04-12 04:07:45
691,3.683,2025-04-12 05:07:45
692,5.655,2025-04-12 06:07:45
693,7.882,2025-04-12 07:07:45
694,10.944,2025-04-12 08:07:45
695,11.334,2025-04-12 09:07:45
696,12.11,2025-04-12 10:07:45
697,12.594,2025-04-12 11:07:45
698,12.013,2025-04-12 12:07:45
699,10.553,2025-04-12 13:07:45
700,10.944,2025-04-12 14:07:45
701,11.139,2025-04-12 15:07:45
702,11.528,2025-04-12 16:07:45
703,11.722,2025-04-12 17:07:45
704,11.431,2025-04-12 18:07:45
705,9.866,2025-04-12 19:07:45
706,10.553,2025-04-12 20:07:45
707,10.161,2025-04-12 21:07:45
708,9.866,2025-04-12 22:07:45
709,9.373,2025-04-12 23:07:45
710,6.37,2025-04-13 00:07:45
711,8.879,2025-04-13 01:07:45
712,8.581,2025-04-13 02:07:45
713,8.382,2025-04-13 03:07:45
714,7.481,2025-04-13 04:07:45
715,5.655,2025-04-13 05:07:45
716,5.037,2025-04-13 06:07:45
717,7.983,2025-04-13 07:07:45
718,10.455,2025-04-13 08:07:45
719,8.581,2025-04-13 09:07:45
720,8.68,2025-04-13 10:07:45
721,9.176,2025-04-13 11:07:45
722,8.978,2025-04-13 12:07:45
723,10.357,2025-04-13 13:07:45
724,9.275,2025-04-13 14:07:45
725,9.077,2025-04-13 15:07:45
726,9.176,2025-04-13 16:07:45
727,9.077,2025-04-13 17:07:45
728,8.382,2025-04-13 18:07:45
729,7.983,2025-04-13 19:07:45
730,8.978,2025-04-13 20:07:45
731,8.282,2025-04-13 21:07:45
732,9.275,2025-04-13 22:07:45
733,9.077,2025-04-13 23:07:45
734,8.879,2025-04-14 00:07:45
735,8.481,2025-04-14 01:07:45
736,5.347,2025-04-14 02:07:45
737,6.166,2025-04-14 03:07:45
738,5.037,2025-04-14 04:07:45
739,7.079,2025-04-14 05:07:45
740,7.682,2025-04-14 06:07:45
741,9.373,2025-04-14 07:07:45
742,11.625,2025-04-14 08:07:45
743,11.041,2025-04-14 09:07:45
744,11.819,2025-04-14 10:07:45
745,14.038,2025-04-14 11:07:45
746,17.094,2025-04-14 12:07:45
747,18.236,2025-04-14 13:07:45
748,13.846,2025-04-14 14:07:45
749,11.819,2025-04-14 15:07:45
750,13.365,2025-04-14 16:07:45
751,12.594,2025-04-14 17:07:45
752,11.722,2025-04-14 18:07:45
753,10.748,2025-04-14 19:07:45
754,9.275,2025-04-14 20:07:45
755,7.882,2025-04-14 21:07:45
756,6.064,2025-04-14 22:07:45
757,5.347,2025-04-14 23:07:45
758,7.481,2025-04-15 00:07:45
759,8.481,2025-04-15 01:07:45
760,7.682,2025-04-15 02:07:45
761,5.037,2025-04-15 03:07:45
762,4.934,2025-04-15 04:07:45
763,4.311,2025-04-15 05:07:45
764,7.079,2025-04-15 06:07:45
765,7.582,2025-04-15 07:07:45
766,8.779,2025-04-15 08:07:45
767,9.077,2025-04-15 09:07:45
768,10.357,2025-04-15 10:07:45
769,12.013,2025-04-15 11:07:45
770,14.134,2025-04-15 12:07:45
771,14.325,2025-04-15 13:07:45
772,12.11,2025-04-15 14:07:45
773,11.236,2025-04-15 15:07:45
774,11.916,2025-04-15 16:07:45
775,12.11,2025-04-15 17:07:45
776,11.722,2025-04-15 18:07:45
777,11.625,2025-04-15 19:07:45
778,11.041,2025-04-15 20:07:45
779,10.944,2025-04-15 21:07:45
780,10.651,2025-04-15 22:07:45
781,10.357,2025-04-15 23:07:45
782,10.063,2025-04-16 00:07:45
783,9.965,2025-04-16 01:07:45
784,9.866,2025-04-16 02:07:45
785,9.571,2025-04-16 03:07:45
786,9.669,2025-04-16 04:07:45
787,9.571,2025-04-16 05:07:45
788,9.571,2025-04-16 06:07:45
789,9.669,2025-04-16 07:07:45
790,9.768,2025-04-16 08:07:45
791,9.669,2025-04-16 09:07:45
792,9.965,2025-04-16 10:07:45
793,9.965,2025-04-16 11:07:45
794,10.063,2025-04-16 12:07:45
795,10.063,2025-04-16 13:07:45
796,10.357,2025-04-16 14:07:45
797,10.259,2025-04-16 15:07:45
798,10.651,2025-04-16 16:07:45
799,10.357,2025-04-16 17:07:45
800,10.651,2025-04-16 18:07:45
801,9.965,2025-04-16 19:07:45
802,10.161,2025-04-16 20:07:45
803,10.063,2025-04-16 21:07:45
804,9.669,2025-04-16 22:07:45
805,9.472,2025-04-16 23:07:45
806,9.275,2025-04-17 00:07:45
807,9.275,2025-04-17 01:07:45
808,9.077,2025-04-17 02:07:45
809,9.275,2025-04-17 03:07:45
810,8.978,2025-04-17 04:07:45
811,8.879,2025-04-17 05:07:45
812,9.077,2025-04-17 06:07:45
813,9.669,2025-04-17 07:07:45
814,9.571,2025-04-17 08:07:45
815,10.259,2025-04-17 09:07:45
816,10.748,2025-04-17 10:07:45
817,11.334,2025-04-17 11:07:45
818,12.013,2025-04-17 12:07:45
819,11.819,2025-04-17 13:07:45
820,12.11,2025-04-17 14:07:45
821,11.528,2025-04-17 15:07:45
822,11.528,2025-04-17 16:07:45
823,11.334,2025-04-17 17:07:45
824,11.139,2025-04-17 18:07:45
825,10.161,2025-04-17 19:07:45
826,10.161,2025-04-17 20:07:45
827,9.077,2025-04-17 21:07:45
828,10.455,2025-04-17 22:07:45
829,10.063,2025-04-17 23:07:45
830,10.259,2025-04-18 00:07:45
831,9.669,2025-04-18 01:07:45
832,9.275,2025-04-18 02:07:45
833,9.571,2025-04-18 03:07:45
834,9.176,2025-04-18 04:07:45
835,9.275,2025-04-18 05:07:45
836,9.373,2025-04-18 06:07:45
837,9.571,2025-04-18 07:07:45
838,9.866,2025-04-18 08:07:45
839,10.748,2025-04-18 09:07:45
840,10.651,2025-04-18 10:07:45
841,11.431,2025-04-18 11:07:45
842,12.013,2025-04-18 12:07:45
843,12.497,2025-04-18 13:07:45
844,12.304,2025-04-18 14:07:45
845,11.722,2025-04-18 15:07:45
846,10.846,2025-04-18 16:07:45
847,10.161,2025-04-18 17:07:45
848,10.161,2025-04-18 18:07:45
849,9.571,2025-04-18 19:07:45
850,9.669,2025-04-18 20:07:45
851,9.373,2025-04-18 21:07:45
852,10.553,2025-04-18 22:07:45
853,7.983,2025-04-18 23:07:45
854,10.063,2025-04-19 00:07:45
855,8.779,2025-04-19 01:07:45
856,9.571,2025-04-19 02:07:45
857,8.382,2025-04-19 03:07:45
858,8.879,2025-04-19 04:07:45
859,9.373,2025-04-19 05:07:45
860,9.571,2025-04-19 06:07:45
861,9.571,2025-04-19 07:07:45
862,9.866,2025-04-19 08:07:45
863,10.063,2025-04-19 09:07:45
864,10.846,2025-04-19 10:07:45
865,11.528,2025-04-19 11:07:45
866,11.916,2025-04-19 12:07:45
867,11.819,2025-04-19 13:07:45
868,12.497,2025-04-19 14:07:45
869,12.11,2025-04-19 15:07:45
870,12.013,2025-04-19 16:07:45
871,11.722,2025-04-19 17:07:45
872,11.528,2025-04-19 18:07:45
873,11.334,2025-04-19 19:07:45
874,11.139,2025-04-19 20:07:45
875,10.944,2025-04-19 21:07:45
876,10.651,2025-04-19 22:07:45
877,10.455,2025-04-19 23:07:45
878,10.259,2025-04-20 00:07:45
879,9.866,2025-04-20 01:07:45
880,9.965,2025-04-20 02:07:45
881,9.866,2025-04-20 03:07:45
882,9.866,2025-04-20 04:07:45
883,9.768,2025-04-20 05:07:45
884,9.669,2025-04-20 06:07:45
885,9.768,2025-04-20 07:07:45
886,9.866,2025-04-20 08:07:45
887,9.965,2025-04-20 09:07:45
888,10.063,2025-04-20 10:07:45
889,10.161,2025-04-20 11:07:45
890,10.259,2025-04-20 12:07:45
891,10.259,2025-04-20 13:07:45
892,10.259,2025-04-20 14:07:45
893,10.553,2025-04-20 15:07:45
894,10.455,2025-04-20 16:07:45
895,10.357,2025-04-20 17:07:45
896,10.357,2025-04-20 18:07:45
897,10.259,2025-04-20 19:07:45
898,10.161,2025-04-20 20:07:45
899,10.063,2025-04-20 21:07:45
900,10.063,2025-04-20 22:07:45
901,9.965,2025-04-20 23:07:45
902,9.866,2025-04-21 00:07:45
903,9.866,2025-04-21 01:07:45
904,9.768,2025-04-21 02:07:45
905,9.669,2025-04-21 03:07:45
906,9.571,2025-04-21 04:07:45
907,9.571,2025-04-21 05:07:45
908,9.373,2025-04-21 06:07:45
909,9.373,2025-04-21 07:07:45
910,9.373,2025-04-21 08:07:45
911,9.373,2025-04-21 09:07:45
912,9.373,2025-04-21 10:07:45
913,9.472,2025-04-21 11:07:45
914,9.866,2025-04-21 12:07:45
915,10.161,2025-04-21 13:07:45
916,10.455,2025-04-21 14:07:45
917,10.357,2025-04-21 15:07:45
918,10.259,2025-04-21 16:07:45
919,10.161,2025-04-21 17:07:45
920,10.063,2025-04-21 18:07:45
921,9.768,2025-04-21 19:07:45
922,9.472,2025-04-21 20:07:45
923,9.373,2025-04-21 21:07:45
924,9.176,2025-04-21 22:07:45
925,9.077,2025-04-21 23:07:45
926,8.978,2025-04-22 00:07:45
927,8.879,2025-04-22 01:07:45
928,8.779,2025-04-22 02:07:45
929,8.779,2025-04-22 03:07:45
930,8.68,2025-04-22 04:07:45
931,8.581,2025-04-22 05:07:45
932,8.581,2025-04-22 06:07:45
933,8.581,2025-04-22 07:07:45
934,8.581,2025-04-22 08:07:45
935,8.68,2025-04-22 09:07:45
936,9.373,2025-04-22 10:07:45
937,9.866,2025-04-22 11:07:45
938,10.161,2025-04-22 12:07:45
939,10.357,2025-04-22 13:07:45
940,10.455,2025-04-22 14:07:45
941,10.455,2025-04-22 15:07:45
942,10.553,2025-04-22 16:07:45
943,10.455,2025-04-22 17:07:45
944,10.357,2025-04-22 18:07:45
945,9.768,2025-04-22 19:07:45
946,9.965,2025-04-22 20:07:45
947,9.669,2025-04-22 21:07:45
948,9.866,2025-04-22 22:07:45
949,9.373,2025-04-22 23:07:45
950,9.571,2025-04-23 00:07:45
951,9.275,2025-04-23 01:07:45
952,8.978,2025-04-23 02:07:45
953,8.282,2025-04-23 03:07:45
954,7.682,2025-04-23 04:07:45
955,7.381,2025-04-23 05:07:45
956,8.581,2025-04-23 06:07:45
957,9.176,2025-04-23 07:07:45
958,11.819,2025-04-23 08:07:45
959,11.236,2025-04-23 09:07:45
960,12.013,2025-04-23 10:07:45
961,11.236,2025-04-23 11:07:45
962,11.236,2025-04-23 12:07:45
963,11.916,2025-04-23 13:07:45
964,11.916,2025-04-23 14:07:45
965,12.304,2025-04-23 15:07:45
966,12.013,2025-04-23 16:07:45
967,11.819,2025-04-23 17:07:45
968,11.722,2025-04-23 18:07:45
969,11.528,2025-04-23 19:07:45
970,11.236,2025-04-23 20:07:45
971,10.846,2025-04-23 21:07:45
972,10.846,2025-04-23 22:07:45
973,10.748,2025-04-23 23:07:45
974,10.651,2025-04-24 00:07:45
975,10.455,2025-04-24 01:07:45
976,10.259,2025-04-24 02:07:45
977,10.063,2025-04-24 03:07:45
978,9.965,2025-04-24 04:07:45
979,9.768,2025-04-24 05:07:45
980,9.669,2025-04-24 06:07:45
981,9.571,2025-04-24 07:07:45
982,9.472,2025-04-24 08:07:45
983,9.571,2025-04-24 09:07:45
984,9.669,2025-04-24 10:07:45
985,9.866,2025-04-24 11:07:45
986,10.553,2025-04-24 12:07:45
987,11.236,2025-04-24 13:07:45
988,11.334,2025-04-24 14:07:45
989,10.944,2025-04-24 15:07:45
990,10.357,2025-04-24 16:07:45
991,7.983,2025-04-24 17:07:45
992,7.079,2025-04-24 18:07:45
993,4.934,2025-04-24 19:07:45
994,5.141,2025-04-24 20:07:45
995,3.155,2025-04-24 21:07:45
996,4.102,2025-04-24 22:07:45
997,3.788,2025-04-24 23:07:45
998,5.037,2025-04-25 00:07:45
999,5.141,2025-04-25 01:07:45
1000,5.037,2025-04-25 02:07:45
1001,4.934,2025-04-25 03:07:45
1002,5.655,2025-04-25 04:07:45
1003,5.244,2025-04-25 05:07:45
1004,6.37,2025-04-25 06:07:45
1005,6.775,2025-04-25 07:07:45
1006,7.582,2025-04-25 08:07:45
1007,7.782,2025-04-25 09:07:45
1008,8.282,2025-04-25 10:07:45
1009,9.077,2025-04-25 11:07:45
1010,9.472,2025-04-25 12:07:45
1011,10.455,2025-04-25 13:07:45
1012,10.651,2025-04-25 14:07:45
1013,10.846,2025-04-25 15:07:45
1014,10.161,2025-04-25 16:07:45
1015,10.161,2025-04-25 17:07:45
1016,7.682,2025-04-25 18:07:45
1017,8.282,2025-04-25 19:07:45
1018,3.998,2025-04-25 20:07:45
1019,3.998,2025-04-25 21:07:45
1020,1.112,2025-04-25 22:07:45
1021,0.121,2025-04-25 23:07:45
1022,-0.437,2025-04-26 00:07:45
1023,-0.662,2025-04-26 01:07:45
1024,-0.887,2025-04-26 02:07:45
1025,-1.114,2025-04-26 03:07:45
1026,-1.114,2025-04-26 04:07:45
1027,-1.001,2025-04-26 05:07:45
1028,1.656,2025-04-26 06:07:45
1029,5.552,2025-04-26 07:07:45
1030,9.176,2025-04-26 08:07:45
1031,7.782,2025-04-26 09:07:45
1032,9.275,2025-04-26 10:07:45
1033,9.768,2025-04-26 11:07:45
1034,9.768,2025-04-26 12:07:45
1035,10.161,2025-04-26 13:07:45
1036,10.259,2025-04-26 14:07:45
1037,10.161,2025-04-26 15:07:45
1038,10.259,2025-04-26 16:07:45
1039,10.161,2025-04-26 17:07:45
1040,10.161,2025-04-26 18:07:45
1041,8.082,2025-04-26 19:07:45
1042,5.757,2025-04-26 20:07:45
1043,3.683,2025-04-26 21:07:45
1044,4.207,2025-04-26 22:07:45
1045,4.623,2025-04-26 23:07:45
1046,4.311,2025-04-27 00:07:45
1047,4.311,2025-04-27 01:07:45
1048,3.788,2025-04-27 02:07:45
1049,3.472,2025-04-27 03:07:45
1050,3.261,2025-04-27 04:07:45
1051,3.683,2025-04-27 05:07:45
1052,4.623,2025-04-27 06:07:45
1053,6.877,2025-04-27 07:07:45
1054,10.944,2025-04-27 08:07:45
1055,11.528,2025-04-27 09:07:45
1056,13.269,2025-04-27 10:07:45
1057,15.473,2025-04-27 11:07:45
1058,15.664,2025-04-27 12:07:45
1059,16.427,2025-04-27 13:07:45
1060,16.808,2025-04-27 14:07:45
1061,14.325,2025-04-27 15:07:45
1062,14.804,2025-04-27 16:07:45
1063,14.134,2025-04-27 17:07:45
1064,12.401,2025-04-27 18:07:45
1065,10.259,2025-04-27 19:07:45
1066,8.68,2025-04-27 20:07:45
1067,7.682,2025-04-27 21:07:45
1068,6.775,2025-04-27 22:07:45
1069,6.573,2025-04-27 23:07:45
1070,4.934,2025-04-28 00:07:45
1071,3.893,2025-04-28 01:07:45
1072,3.578,2025-04-28 02:07:45
1073,3.683,2025-04-28 03:07:45
1074,3.155,2025-04-28 04:07:45
1075,3.472,2025-04-28 05:07:45
1076,6.877,2025-04-28 06:07:45
1077,9.669,2025-04-28 07:07:45
1078,13.461,2025-04-28 08:07:45
1079,13.461,2025-04-28 09:07:45
1080,14.613,2025-04-28 10:07:45
1081,18.331,2025-04-28 11:07:45
1082,17.855,2025-04-28 12:07:45
1083,17.95,2025-04-28 13:07:45
1084,17.95,2025-04-28 14:07:45
1085,16.808,2025-04-28 15:07:45
1086,16.713,2025-04-28 16:07:45
1087,15.951,2025-04-28 17:07:45
1088,15.378,2025-04-28 18:07:45
1089,14.038,2025-04-28 19:07:45
1090,13.173,2025-04-28 20:07:45
1091,12.98,2025-04-28 21:07:45
1092,12.497,2025-04-28 22:07:45
1093,12.401,2025-04-28 23:07:45
1094,12.013,2025-04-29 00:07:45
1095,11.625,2025-04-29 01:07:45
1096,11.236,2025-04-29 02:07:45
1097,10.259,2025-04-29 03:07:45
1098,9.866,2025-04-29 04:07:45
1099,10.161,2025-04-29 05:07:45
1100,11.139,2025-04-29 06:07:45
1101,12.69,2025-04-29 07:07:45
1102,15.664,2025-04-29 08:07:45
1103,15.187,2025-04-29 09:07:45
1104,16.141,2025-04-29 10:07:45
1105,18.045,2025-04-29 11:07:45
1106,19.187,2025-04-29 12:07:45
1107,19.282,2025-04-29 13:07:45
1108,17.855,2025-04-29 14:07:45
1109,18.14,2025-04-29 15:07:45
1110,17.094,2025-04-29 16:07:45
1111,16.903,2025-04-29 17:07:45
1112,15.76,2025-04-29 18:07:45
1113,13.365,2025-04-29 19:07:45
1114,10.651,2025-04-29 20:07:45
1115,11.528,2025-04-29 21:07:45
1116,9.077,2025-04-29 22:07:45
1117,8.779,2025-04-29 23:07:45
1118,7.983,2025-04-30 00:07:45
1119,8.779,2025-04-30 01:07:45
1120,9.472,2025-04-30 02:07:45
1121,8.779,2025-04-30 03:07:45
1122,8.481,2025-04-30 04:07:45
1123,9.571,2025-04-30 05:07:45
1124,11.139,2025-04-30 06:07:45
1125,12.013,2025-04-30 07:07:45
1126,14.996,2025-04-30 08:07:45
1127,14.804,2025-04-30 09:07:45
1128,15.76,2025-04-30 10:07:45
1129,18.045,2025-04-30 11:07:45
1130,18.806,2025-04-30 12:07:45
1131,19.758,2025-04-30 13:07:45
1132,16.903,2025-04-30 14:07:45
1133,15.569,2025-04-30 15:07:45
1134,15.473,2025-04-30 16:07:45
1135,14.613,2025-04-30 17:07:45
1136,13.269,2025-04-30 18:07:45
1137,13.076,2025-04-30 19:07:45
1138,13.076,2025-04-30 20:07:45
1139,12.883,2025-04-30 21:07:45
1140,10.357,2025-04-30 22:07:45
1141,6.064,2025-04-30 23:07:45
1142,3.683,2025-05-01 00:07:45
1143,4.207,2025-05-01 01:07:45
1144,4.207,2025-05-01 02:07:45
1145,2.73,2025-05-01 03:07:45
1146,2.624,2025-05-01 04:07:45
1147,3.261,2025-05-01 05:07:45
1148,6.978,2025-05-01 06:07:45
1149,9.373,2025-05-01 07:07:45
1150,11.916,2025-05-01 08:07:45
1151,12.787,2025-05-01 09:07:45
1152,14.9,2025-05-01 10:07:45
1153,17.094,2025-05-01 11:07:45
1154,15.473,2025-05-01 12:07:45
1155,17.95,2025-05-01 13:07:45
1156,17.284,2025-05-01 14:07:45
1157,16.903,2025-05-01 15:07:45
1158,16.237,2025-05-01 16:07:45
1159,15.091,2025-05-01 17:07:45
1160,14.325,2025-05-01 18:07:45
1161,12.11,2025-05-01 19:07:45
1162,10.259,2025-05-01 20:07:45
1163,9.866,2025-05-01 21:07:45
1164,9.176,2025-05-01 22:07:45
1165,10.259,2025-05-01 23:07:45
1166,8.978,2025-05-02 00:07:45
1167,8.082,2025-05-02 01:07:45
1168,7.481,2025-05-02 02:07:45
1169,7.079,2025-05-02 03:07:45
1170,7.179,2025-05-02 04:07:45
1171,8.978,2025-05-02 05:07:45
1172,11.139,2025-05-02 06:07:45
1173,13.558,2025-05-02 07:07:45
1174,18.426,2025-05-02 08:07:45
1175,18.331,2025-05-02 09:07:45
1176,18.521,2025-05-02 10:07:45
1177,18.901,2025-05-02 11:07:45
1178,16.903,2025-05-02 12:07:45
1179,18.331,2025-05-02 13:07:45
1180,17.855,2025-05-02 14:07:45
1181,16.046,2025-05-02 15:07:45
1182,15.951,2025-05-02 16:07:45
1183,15.378,2025-05-02 17:07:45
1184,14.613,2025-05-02 18:07:45
1185,12.98,2025-05-02 19:07:45
1186,11.916,2025-05-02 20:07:45
1187,10.944,2025-05-02 21:07:45
1188,10.357,2025-05-02 22:07:45
1189,9.866,2025-05-02 23:07:45
1190,9.472,2025-05-03 00:07:45
1191,9.077,2025-05-03 01:07:45
1192,8.68,2025-05-03 02:07:45
1193,8.082,2025-05-03 03:07:45
1194,7.882,2025-05-03 04:07:45
1195,8.382,2025-05-03 05:07:45
1196,9.571,2025-05-03 06:07:45
1197,11.334,2025-05-03 07:07:45
1198,14.9,2025-05-03 08:07:45
1199,13.654,2025-05-03 09:07:45
1200,14.421,2025-05-03 10:07:45
1201,15.76,2025-05-03 11:07:45
1202,16.427,2025-05-03 12:07:45
1203,16.046,2025-05-03 13:07:45
1204,15.76,2025-05-03 14:07:45
1205,14.804,2025-05-03 15:07:45
1206,14.613,2025-05-03 16:07:45
1207,13.942,2025-05-03 17:07:45
1208,13.365,2025-05-03 18:07:45
1209,12.207,2025-05-03 19:07:45
1210,12.11,2025-05-03 20:07:45
1211,12.401,2025-05-03 21:07:45
1212,12.207,2025-05-03 22:07:45
1213,11.722,2025-05-03 23:07:45
1214,11.139,2025-05-04 00:07:45
1215,11.528,2025-05-04 01:07:45
1216,11.431,2025-05-04 02:07:45
1217,11.334,2025-05-04 03:07:45
1218,11.139,2025-05-04 04:07:45
1219,11.041,2025-05-04 05:07:45
1220,10.944,2025-05-04 06:07:45
1221,10.846,2025-05-04 07:07:45
1222,10.748,2025-05-04 08:07:45
1223,10.748,2025-05-04 09:07:45
1224,11.041,2025-05-04 10:07:45
1225,12.497,2025-05-04 11:07:45
1226,10.846,2025-05-04 12:07:45
1227,10.455,2025-05-04 13:07:45
1228,10.161,2025-05-04 14:07:45
1229,10.259,2025-05-04 15:07:45
1230,10.161,2025-05-04 16:07:45
1231,9.965,2025-05-04 17:07:45
1232,9.768,2025-05-04 18:07:45
1233,9.669,2025-05-04 19:07:45
1234,9.373,2025-05-04 20:07:45
1235,9.077,2025-05-04 21:07:45
1236,8.779,2025-05-04 22:07:45
1237,8.382,2025-05-04 23:07:45
1238,7.983,2025-05-05 00:07:45
1239,7.481,2025-05-05 01:07:45
1240,7.179,2025-05-05 02:07:45
1241,6.978,2025-05-05 03:07:45
1242,6.674,2025-05-05 04:07:45
1243,6.573,2025-05-05 05:07:45
1244,6.471,2025-05-05 06:07:45
1245,6.471,2025-05-05 07:07:45
1246,6.877,2025-05-05 08:07:45
1247,7.179,2025-05-05 09:07:45
1248,7.882,2025-05-05 10:07:45
1249,8.68,2025-05-05 11:07:45
1250,9.176,2025-05-05 12:07:45
1251,10.357,2025-05-05 13:07:45
1252,10.455,2025-05-05 14:07:45
1253,10.553,2025-05-05 15:07:45
1254,10.748,2025-05-05 16:07:45
1255,10.748,2025-05-05 17:07:45
1256,10.748,2025-05-05 18:07:45
1257,10.455,2025-05-05 19:07:45
1258,10.259,2025-05-05 20:07:45
1259,9.965,2025-05-05 21:07:45
1260,9.768,2025-05-05 22:07:45
1261,9.472,2025-05-05 23:07:45
1262,9.373,2025-05-06 00:07:45
1263,9.176,2025-05-06 01:07:45
1264,8.978,2025-05-06 02:07:45
1265,8.779,2025-05-06 03:07:45
1266,8.581,2025-05-06 04:07:45
1267,8.481,2025-05-06 05:07:45
1268,8.581,2025-05-06 06:07:45
1269,8.581,2025-05-06 07:07:45
1270,9.077,2025-05-06 08:07:45
1271,9.373,2025-05-06 09:07:45
1272,9.768,2025-05-06 10:07:45
1273,10.455,2025-05-06 11:07:45
1274,10.846,2025-05-06 12:07:45
1275,11.528,2025-05-06 13:07:45
1276,11.819,2025-05-06 14:07:45
1277,12.013,2025-05-06 15:07:45
1278,11.916,2025-05-06 16:07:45
1279,11.819,2025-05-06 17:07:45
1280,11.625,2025-05-06 18:07:45
1281,11.334,2025-05-06 19:07:45
1282,10.944,2025-05-06 20:07:45
1283,10.553,2025-05-06 21:07:45
1284,10.161,2025-05-06 22:07:45
1285,9.866,2025-05-06 23:07:45
1286,9.571,2025-05-07 00:07:45
1287,9.176,2025-05-07 01:07:45
1288,8.978,2025-05-07 02:07:45
1289,8.779,2025-05-07 03:07:45
1290,8.581,2025-05-07 04:07:45
1291,8.382,2025-05-07 05:07:45
1292,8.382,2025-05-07 06:07:45
1293,8.382,2025-05-07 07:07:45
1294,8.779,2025-05-07 08:07:45
1295,8.879,2025-05-07 09:07:45
1296,9.472,2025-05-07 10:07:45
1297,9.965,2025-05-07 11:07:45
1298,10.455,2025-05-07 12:07:45
1299,10.944,2025-05-07 13:07:45
1300,11.139,2025-05-07 14:07:45
1301,11.431,2025-05-07 15:07:45
1302,11.334,2025-05-07 16:07:45
1303,11.139,2025-05-07 17:07:45
1304,10.944,2025-05-07 18:07:45
1305,10.651,2025-05-07 19:07:45
1306,10.357,2025-05-07 20:07:45
1307,10.063,2025-05-07 21:07:45
1308,9.669,2025-05-07 22:07:45
1309,9.373,2025-05-07 23:07:45
1310,9.077,2025-05-08 00:07:45
1311,8.68,2025-05-08 01:07:45
1312,8.481,2025-05-08 02:07:45
1313,8.182,2025-05-08 03:07:45
1314,7.983,2025-05-08 04:07:45
1315,7.882,2025-05-08 05:07:45
1316,7.782,2025-05-08 06:07:45
1317,7.882,2025-05-08 07:07:45
1318,7.983,2025-05-08 08:07:45
1319,8.082,2025-05-08 09:07:45
1320,8.282,2025-05-08 10:07:45
1321,8.581,2025-05-08 11:07:45
1322,9.077,2025-05-08 12:07:45
1323,9.472,2025-05-08 13:07:45
1324,9.866,2025-05-08 14:07:45
1325,10.161,2025-05-08 15:07:45
1326,10.357,2025-05-08 16:07:45
1327,10.259,2025-05-08 17:07:45
1328,10.259,2025-05-08 18:07:45
1329,10.063,2025-05-08 19:07:45
1330,9.768,2025-05-08 20:07:45
1331,9.571,2025-05-08 21:07:45
1332,9.275,2025-05-08 22:07:45
1333,9.077,2025-05-08 23:07:45
1334,8.879,2025-05-09 00:07:45
1335,8.68,2025-05-09 01:07:45
1336,8.481,2025-05-09 02:07:45
1337,8.282,2025-05-09 03:07:45
1338,8.082,2025-05-09 04:07:45
1339,7.983,2025-05-09 05:07:45
1340,8.082,2025-05-09 06:07:45
1341,8.082,2025-05-09 07:07:45
1342,8.282,2025-05-09 08:07:45
1343,8.382,2025-05-09 09:07:45
1344,8.68,2025-05-09 10:07:45
1345,9.077,2025-05-09 11:07:45
1346,9.571,2025-05-09 12:07:45
1347,10.455,2025-05-09 13:07:45
1348,10.357,2025-05-09 14:07:45
1349,10.357,2025-05-09 15:07:45
1350,10.455,2025-05-09 16:07:45
1351,10.553,2025-05-09 17:07:45
1352,10.455,2025-05-09 18:07:45
1353,10.259,2025-05-09 19:07:45
1354,10.063,2025-05-09 20:07:45
1355,9.965,2025-05-09 21:07:45
1356,9.866,2025-05-09 22:07:45
1357,9.768,2025-05-09 23:07:45
1358,9.669,2025-05-10 00:07:45
1359,9.571,2025-05-10 01:07:45
1360,9.373,2025-05-10 02:07:45
1361,9.275,2025-05-10 03:07:45
1362,9.176,2025-05-10 04:07:45
1363,9.077,2025-05-10 05:07:45
1364,8.978,2025-05-10 06:07:45
1365,8.978,2025-05-10 07:07:45
1366,9.077,2025-05-10 08:07:45
1367,9.275,2025-05-10 09:07:45
1368,9.768,2025-05-10 10:07:45
1369,10.553,2025-05-10 11:07:45
1370,10.944,2025-05-10 12:07:45
1371,10.846,2025-05-10 13:07:45
1372,11.041,2025-05-10 14:07:45
1373,11.236,2025-05-10 15:07:45
1374,11.139,2025-05-10 16:07:45
1375,11.041,2025-05-10 17:07:45
1376,10.748,2025-05-10 18:07:45
1377,10.455,2025-05-10 19:07:45
1378,10.161,2025-05-10 20:07:45
1379,9.965,2025-05-10 21:07:45
1380,9.571,2025-05-10 22:07:45
1381,9.275,2025-05-10 23:07:45
1382,8.978,2025-05-11 00:07:45
1383,8.68,2025-05-11 01:07:45
1384,8.382,2025-05-11 02:07:45
1385,8.082,2025-05-11 03:07:45
1386,7.782,2025-05-11 04:07:45
1387,7.481,2025-05-11 05:07:45
1388,7.381,2025-05-11 06:07:45
1389,7.582,2025-05-11 07:07:45
1390,8.182,2025-05-11 08:07:45
1391,8.082,2025-05-11 09:07:45
1392,8.879,2025-05-11 10:07:45
1393,10.063,2025-05-11 11:07:45
1394,10.651,2025-05-11 12:07:45
1395,11.819,2025-05-11 13:07:45
1396,12.11,2025-05-11 14:07:45
1397,12.497,2025-05-11 15:07:45
1398,12.594,2025-05-11 16:07:45
1399,12.304,2025-05-11 17:07:45
1400,12.013,2025-05-11 18:07:45
1401,11.819,2025-05-11 19:07:45
1402,11.431,2025-05-11 20:07:45
1403,10.944,2025-05-11 21:07:45
1404,10.455,2025-05-11 22:07:45
1405,10.161,2025-05-11 23:07:45
1406,9.669,2025-05-12 00:07:45
1407,9.373,2025-05-12 01:07:45
1408,8.879,2025-05-12 02:07:45
1409,8.68,2025-05-12 03:07:45
1410,8.382,2025-05-12 04:07:45
1411,7.782,2025-05-12 05:07:45
1412,8.382,2025-05-12 06:07:45
1413,9.077,2025-05-12 07:07:45
1414,10.455,2025-05-12 08:07:45
1415,10.357,2025-05-12 09:07:45
1416,10.944,2025-05-12 10:07:45
1417,11.916,2025-05-12 11:07:45
1418,12.497,2025-05-12 12:07:45
1419,13.076,2025-05-12 13:07:45
1420,13.365,2025-05-12 14:07:45
1421,13.076,2025-05-12 15:07:45
1422,13.076,2025-05-12 16:07:45
1423,12.787,2025-05-12 17:07:45
1424,12.883,2025-05-12 18:07:45
1425,12.401,2025-05-12 19:07:45
1426,11.819,2025-05-12 20:07:45
1427,11.722,2025-05-12 21:07:45
1428,11.236,2025-05-12 22:07:45
1429,10.553,2025-05-12 23:07:45
1430,9.669,2025-05-13 00:07:45
1431,9.965,2025-05-13 01:07:45
1432,9.373,2025-05-13 02:07:45
1433,9.472,2025-05-13 03:07:45
1434,9.275,2025-05-13 04:07:45
1435,9.472,2025-05-13 05:07:45
1436,10.259,2025-05-13 06:07:45
1437,11.334,2025-05-13 07:07:45
1438,14.23,2025-05-13 08:07:45
1439,14.421,2025-05-13 09:07:45
1440,14.134,2025-05-13 10:07:45
1441,15.378,2025-05-13 11:07:45
1442,13.942,2025-05-13 12:07:45
1443,14.517,2025-05-13 13:07:45
1444,14.709,2025-05-13 14:07:45
1445,14.325,2025-05-13 15:07:45
1446,14.325,2025-05-13 16:07:45
1447,14.325,2025-05-13 17:07:45
1448,13.942,2025-05-13 18:07:45
1449,13.654,2025-05-13 19:07:45
1450,12.401,2025-05-13 20:07:45
1451,12.013,2025-05-13 21:07:45
1452,11.819,2025-05-13 22:07:45
1453,11.625,2025-05-13 23:07:45
1454,10.748,2025-05-14 00:07:45
1455,10.063,2025-05-14 01:07:45
1456,8.879,2025-05-14 02:07:45
1457,8.581,2025-05-14 03:07:45
1458,9.571,2025-05-14 04:07:45
1459,10.553,2025-05-14 05:07:45
1460,10.846,2025-05-14 06:07:45
1461,10.944,2025-05-14 07:07:45
1462,10.846,2025-05-14 08:07:45
1463,10.944,2025-05-14 09:07:45
1464,11.236,2025-05-14 10:07:45
1465,11.431,2025-05-14 11:07:45
1466,11.431,2025-05-14 12:07:45
1467,12.594,2025-05-14 13:07:45
1468,12.787,2025-05-14 14:07:45
1469,12.883,2025-05-14 15:07:45
1470,12.401,2025-05-14 16:07:45
1471,11.722,2025-05-14 17:07:45
1472,11.236,2025-05-14 18:07:45
1473,10.553,2025-05-14 19:07:45
1474,6.674,2025-05-14 20:07:45
1475,8.182,2025-05-14 21:07:45
1476,10.357,2025-05-14 22:07:45
1477,9.965,2025-05-14 23:07:45
1478,9.866,2025-05-15 00:07:45
1479,9.866,2025-05-15 01:07:45
1480,9.768,2025-05-15 02:07:45
1481,9.571,2025-05-15 03:07:45
1482,9.472,2025-05-15 04:07:45
1483,9.373,2025-05-15 05:07:45
1484,9.373,2025-05-15 06:07:45
1485,9.373,2025-05-15 07:07:45
1486,9.373,2025-05-15 08:07:45
1487,11.916,2025-05-15 09:07:45
1488,9.768,2025-05-15 10:07:45
1489,9.472,2025-05-15 11:07:45
1490,9.472,2025-05-15 12:07:45
1491,9.571,2025-05-15 13:07:45
1492,9.768,2025-05-15 14:07:45
1493,9.965,2025-05-15 15:07:45
1494,10.455,2025-05-15 16:07:45
1495,10.259,2025-05-15 17:07:45
1496,10.259,2025-05-15 18:07:45
1497,10.259,2025-05-15 19:07:45
1498,10.259,2025-05-15 20:07:45
1499,10.063,2025-05-15 21:07:45
1500,9.866,2025-05-15 22:07:45
1501,9.472,2025-05-15 23:07:45
1502,9.275,2025-05-16 00:07:45
1503,9.275,2025-05-16 01:07:45
1504,9.077,2025-05-16 02:07:45
1505,8.879,2025-05-16 03:07:45
1506,8.68,2025-05-16 04:07:45
1507,8.779,2025-05-16 05:07:45
1508,8.779,2025-05-16 06:07:45
1509,8.879,2025-05-16 07:07:45
1510,9.275,2025-05-16 08:07:45
1511,9.669,2025-05-16 09:07:45
1512,10.161,2025-05-16 10:07:45
1513,10.357,2025-05-16 11:07:45
1514,11.139,2025-05-16 12:07:45
1515,11.139,2025-05-16 13:07:45
1516,11.236,2025-05-16 14:07:45
1517,11.528,2025-05-16 15:07:45
1518,11.625,2025-05-16 16:07:45
1519,11.819,2025-05-16 17:07:45
1520,11.625,2025-05-16 18:07:45
1521,11.139,2025-05-16 19:07:45
1522,10.846,2025-05-16 20:07:45
1523,10.651,2025-05-16 21:07:45
1524,10.748,2025-05-16 22:07:45
1525,10.553,2025-05-16 23:07:45
1526,10.161,2025-05-17 00:07:45
1527,9.866,2025-05-17 01:07:45
1528,9.669,2025-05-17 02:07:45
1529,9.571,2025-05-17 03:07:45
1530,9.472,2025-05-17 04:07:45
1531,9.373,2025-05-17 05:07:45
1532,9.472,2025-05-17 06:07:45
1533,9.571,2025-05-17 07:07:45
1534,9.373,2025-05-17 08:07:45
1535,10.063,2025-05-17 09:07:45
1536,10.748,2025-05-17 10:07:45
1537,11.528,2025-05-17 11:07:45
1538,12.69,2025-05-17 12:07:45
1539,13.461,2025-05-17 13:07:45
1540,13.269,2025-05-17 14:07:45
1541,13.269,2025-05-17 15:07:45
1542,13.461,2025-05-17 16:07:45
1543,13.75,2025-05-17 17:07:45
1544,13.173,2025-05-17 18:07:45
1545,12.497,2025-05-17 19:07:45
1546,11.916,2025-05-17 20:07:45
1547,11.528,2025-05-17 21:07:45
1548,11.041,2025-05-17 22:07:45
1549,10.748,2025-05-17 23:07:45
1550,10.455,2025-05-18 00:07:45
1551,10.161,2025-05-18 01:07:45
1552,10.063,2025-05-18 02:07:45
1553,9.866,2025-05-18 03:07:45
1554,9.866,2025-05-18 04:07:45
1555,9.768,2025-05-18 05:07:45
1556,9.768,2025-05-18 06:07:45
1557,9.866,2025-05-18 07:07:45
1558,9.965,2025-05-18 08:07:45
1559,10.063,2025-05-18 09:07:45
1560,10.063,2025-05-18 10:07:45
1561,10.259,2025-05-18 11:07:45
1562,10.357,2025-05-18 12:07:45
1563,10.553,2025-05-18 13:07:45
1564,10.553,2025-05-18 14:07:45
1565,10.651,2025-05-18 15:07:45
1566,10.748,2025-05-18 16:07:45
1567,10.553,2025-05-18 17:07:45
1568,10.455,2025-05-18 18:07:45
1569,10.357,2025-05-18 19:07:45
1570,10.357,2025-05-18 20:07:45
1571,10.259,2025-05-18 21:07:45
1572,10.161,2025-05-18 22:07:45
1573,10.063,2025-05-18 23:07:45
1574,10.063,2025-05-19 00:07:45
1575,9.965,2025-05-19 01:07:45
1576,9.965,2025-05-19 02:07:45
1577,9.866,2025-05-19 03:07:45
1578,9.669,2025-05-19 04:07:45
1579,9.571,2025-05-19 05:07:45
1580,9.669,2025-05-19 06:07:45
1581,9.866,2025-05-19 07:07:45
1582,10.259,2025-05-19 08:07:45
1583,10.651,2025-05-19 09:07:45
1584,11.431,2025-05-19 10:07:45
1585,12.69,2025-05-19 11:07:45
1586,13.461,2025-05-19 12:07:45
1587,14.9,2025-05-19 13:07:45
1588,14.134,2025-05-19 14:07:45
1589,14.613,2025-05-19 15:07:45
1590,15.855,2025-05-19 16:07:45
1591,14.613,2025-05-19 17:07:45
1592,14.134,2025-05-19 18:07:45
1593,12.787,2025-05-19 19:07:45
1594,12.594,2025-05-19 20:07:45
1595,12.013,2025-05-19 21:07:45
1596,11.916,2025-05-19 22:07:45
1597,11.334,2025-05-19 23:07:45
1598,10.063,2025-05-20 00:07:45
1599,10.455,2025-05-20 01:07:45
1600,9.571,2025-05-20 02:07:45
1601,9.965,2025-05-20 03:07:45
1602,10.846,2025-05-20 04:07:45
1603,10.944,2025-05-20 05:07:45
1604,11.139,2025-05-20 06:07:45
1605,11.528,2025-05-20 07:07:45
1606,12.304,2025-05-20 08:07:45
1607,12.497,2025-05-20 09:07:45
1608,13.365,2025-05-20 10:07:45
1609,15.091,2025-05-20 11:07:45
1610,15.378,2025-05-20 12:07:45
1611,16.332,2025-05-20 13:07:45
1612,16.427,2025-05-20 14:07:45
1613,17.379,2025-05-20 15:07:45
1614,16.523,2025-05-20 16:07:45
1615,16.046,2025-05-20 17:07:45
1616,15.569,2025-05-20 18:07:45
1617,15.091,2025-05-20 19:07:45
1618,14.709,2025-05-20 20:07:45
1619,14.134,2025-05-20 21:07:45
1620,13.654,2025-05-20 22:07:45
1621,12.787,2025-05-20 23:07:45
1622,12.594,2025-05-21 00:07:45
1623,11.625,2025-05-21 01:07:45
1624,12.013,2025-05-21 02:07:45
1625,11.528,2025-05-21 03:07:45
1626,11.625,2025-05-21 04:07:45
1627,11.431,2025-05-21 05:07:45
1628,11.431,2025-05-21 06:07:45
1629,11.819,2025-05-21 07:07:45
1630,12.207,2025-05-21 08:07:45
1631,12.98,2025-05-21 09:07:45
1632,13.269,2025-05-21 10:07:45
1633,14.134,2025-05-21 11:07:45
1634,14.709,2025-05-21 12:07:45
1635,14.996,2025-05-21 13:07:45
1636,14.9,2025-05-21 14:07:45
1637,15.091,2025-05-21 15:07:45
1638,14.804,2025-05-21 16:07:45
1639,14.613,2025-05-21 17:07:45
1640,14.421,2025-05-21 18:07:45
1641,14.325,2025-05-21 19:07:45
1642,14.038,2025-05-21 20:07:45
1643,13.846,2025-05-21 21:07:45
1644,13.461,2025-05-21 22:07:45
1645,13.173,2025-05-21 23:07:45
1646,12.98,2025-05-22 00:07:45
1647,12.69,2025-05-22 01:07:45
1648,12.497,2025-05-22 02:07:45
1649,12.207,2025-05-22 03:07:45
1650,11.916,2025-05-22 04:07:45
1651,11.722,2025-05-22 05:07:45
1652,11.528,2025-05-22 06:07:45
1653,11.625,2025-05-22 07:07:45
1654,11.528,2025-05-22 08:07:45
1655,11.528,2025-05-22 09:07:45
1656,11.625,2025-05-22 10:07:45
1657,11.625,2025-05-22 11:07:45
1658,12.207,2025-05-22 12:07:45
1659,12.497,2025-05-22 13:07:45
1660,12.304,2025-05-22 14:07:45
1661,12.883,2025-05-22 15:07:45
1662,12.883,2025-05-22 16:07:45
1663,12.497,2025-05-22 17:07:45
1664,12.497,2025-05-22 18:07:45
1665,12.304,2025-05-22 19:07:45
1666,12.207,2025-05-22 20:07:45
1667,12.013,2025-05-22 21:07:45
1668,12.013,2025-05-22 22:07:45
1669,11.722,2025-05-22 23:07:45
1670,11.528,2025-05-23 00:07:45
1671,11.041,2025-05-23 01:07:45
1672,10.748,2025-05-23 02:07:45
1673,10.553,2025-05-23 03:07:45
1674,10.357,2025-05-23 04:07:45
1675,10.259,2025-05-23 05:07:45
1676,10.063,2025-05-23 06:07:45
1677,10.063,2025-05-23 07:07:45
1678,10.161,2025-05-23 08:07:45
1679,10.651,2025-05-23 09:07:45
1680,11.139,2025-05-23 10:07:45
1681,11.528,2025-05-23 11:07:45
1682,28.456,2025-05-23 12:07:45
1683,24.255,2025-05-23 13:07:45
1684,22.333,2025-05-23 14:07:45
1685,22.333,2025-05-23 15:07:45
1686,22.333,2025-05-23 16:07:45
1687,22.429,2025-05-23 17:07:45
1688,22.429,2025-05-23 18:07:45
1689,22.238,2025-05-23 19:07:45
1690,21.951,2025-05-23 20:07:45
1691,21.76,2025-05-23 21:07:45
1692,21.569,2025-05-23 22:07:45
1693,21.378,2025-05-23 23:07:45
1694,21.282,2025-05-24 00:07:45
1695,21.187,2025-05-24 01:07:45
1696,21.091,2025-05-24 02:07:45
1697,21.091,2025-05-24 03:07:45
1698,21.282,2025-05-24 04:07:45
1699,21.378,2025-05-24 05:07:45
1700,21.76,2025-05-24 06:07:45
1701,22.333,2025-05-24 07:07:45
1702,22.429,2025-05-24 08:07:45
1703,23.677,2025-05-24 09:07:45
1704,24.448,2025-05-24 10:07:45
1705,24.158,2025-05-24 11:07:45
1706,23.869,2025-05-24 12:07:45
1707,23.581,2025-05-24 13:07:45
1708,23.581,2025-05-24 14:07:45
1709,23.677,2025-05-24 15:07:45
1710,23.292,2025-05-24 16:07:45
1711,23.1,2025-05-24 17:07:45
1712,22.908,2025-05-24 18:07:45
1713,22.621,2025-05-24 19:07:45
1714,22.333,2025-05-24 20:07:45
1715,22.046,2025-05-24 21:07:45
1716,21.855,2025-05-24 22:07:45
1717,21.664,2025-05-24 23:07:45
1718,21.569,2025-05-25 00:07:45
1719,21.473,2025-05-25 01:07:45
1720,21.378,2025-05-25 02:07:45
1721,21.282,2025-05-25 03:07:45
1722,21.282,2025-05-25 04:07:45
1723,21.569,2025-05-25 05:07:45
1724,21.473,2025-05-25 06:07:45
1725,21.76,2025-05-25 07:07:45
1726,21.855,2025-05-25 08:07:45
1727,24.448,2025-05-25 09:07:45
1728,24.641,2025-05-25 10:07:45
1729,24.448,2025-05-25 11:07:45
1730,24.062,2025-05-25 12:07:45
1731,23.966,2025-05-25 13:07:45
1732,23.677,2025-05-25 14:07:45
1733,23.581,2025-05-25 15:07:45
1734,23.292,2025-05-25 16:07:45
1735,23.196,2025-05-25 17:07:45
1736,22.717,2025-05-25 18:07:45
1737,22.429,2025-05-25 19:07:45
1738,22.238,2025-05-25 20:07:45
1739,22.046,2025-05-25 21:07:45
1740,21.855,2025-05-25 22:07:45
1741,21.76,2025-05-25 23:07:45
1742,21.664,2025-05-26 00:07:45
1743,21.569,2025-05-26 01:07:45
1744,21.569,2025-05-26 02:07:45
1745,21.473,2025-05-26 03:07:45
1746,21.473,2025-05-26 04:07:45
1747,21.855,2025-05-26 05:07:45
1748,21.951,2025-05-26 06:07:45
1749,22.525,2025-05-26 07:07:45
1750,23.004,2025-05-26 08:07:45
1751,25.61,2025-05-26 09:07:45
1752,24.738,2025-05-26 10:07:45
1753,24.255,2025-05-26 11:07:45
1754,23.869,2025-05-26 12:07:45
1755,23.484,2025-05-26 13:07:45
1756,23.484,2025-05-26 14:07:45
1757,23.388,2025-05-26 15:07:45
1758,23.292,2025-05-26 16:07:45
1759,23.1,2025-05-26 17:07:45
1760,23.004,2025-05-26 18:07:45
1761,23.004,2025-05-26 19:07:45
1762,22.717,2025-05-26 20:07:45
1763,22.429,2025-05-26 21:07:45
1764,22.333,2025-05-26 22:07:45
1765,22.142,2025-05-26 23:07:45
1766,22.046,2025-05-27 00:07:45
1767,21.951,2025-05-27 01:07:45
1768,21.855,2025-05-27 02:07:45
1769,21.76,2025-05-27 03:07:45
1770,22.238,2025-05-27 04:07:45
1771,22.142,2025-05-27 05:07:45
1772,22.621,2025-05-27 06:07:45
1773,23.388,2025-05-27 07:07:45
1774,23.581,2025-05-27 08:07:45
1775,26.879,2025-05-27 09:07:45
1776,24.931,2025-05-27 10:07:45
1777,24.448,2025-05-27 11:07:45
1778,24.255,2025-05-27 12:07:45
1779,24.448,2025-05-27 13:07:45
1780,24.351,2025-05-27 14:07:45
1781,24.158,2025-05-27 15:07:45
1782,23.966,2025-05-27 16:07:45
1783,23.677,2025-05-27 17:07:45
1784,23.292,2025-05-27 18:07:45
1785,23.1,2025-05-27 19:07:45
1786,22.812,2025-05-27 20:07:45
1787,22.621,2025-05-27 21:07:45
1788,22.525,2025-05-27 22:07:45
1789,22.333,2025-05-27 23:07:45
1790,22.238,2025-05-28 00:07:45
1791,22.142,2025-05-28 01:07:45
1792,22.046,2025-05-28 02:07:45
1793,22.046,2025-05-28 03:07:45
1794,21.951,2025-05-28 04:07:45
1795,21.951,2025-05-28 05:07:45
1796,22.333,2025-05-28 06:07:45
1797,22.333,2025-05-28 07:07:45
1798,22.333,2025-05-28 08:07:45
1799,22.429,2025-05-28 09:07:45
1800,22.429,2025-05-28 10:07:45
1801,22.621,2025-05-28 11:07:45
1802,23.196,2025-05-28 12:07:45
1803,23.388,2025-05-28 13:07:45
1804,23.388,2025-05-28 14:07:45
1805,23.196,2025-05-28 15:07:45
1806,23.292,2025-05-28 16:07:45
1807,23.292,2025-05-28 17:07:45
1808,23.004,2025-05-28 18:07:45
1809,22.717,2025-05-28 19:07:45
1810,22.429,2025-05-28 20:07:45
1811,22.238,2025-05-28 21:07:45
1812,22.046,2025-05-28 22:07:45
1813,21.951,2025-05-28 23:07:45
1814,21.855,2025-05-29 00:07:45
1815,21.855,2025-05-29 01:07:45
1816,21.664,2025-05-29 02:07:45
1817,21.664,2025-05-29 03:07:45
1818,21.664,2025-05-29 04:07:45
1819,22.046,2025-05-29 05:07:45
1820,22.333,2025-05-29 06:07:45
1821,23.1,2025-05-29 07:07:45
1822,23.484,2025-05-29 08:07:45
1823,27.272,2025-05-29 09:07:45
1824,24.931,2025-05-29 10:07:45
1825,24.448,2025-05-29 11:07:45
1826,24.255,2025-05-29 12:07:45
1827,24.158,2025-05-29 13:07:45
1828,23.869,2025-05-29 14:07:45
1829,23.677,2025-05-29 15:07:45
1830,23.581,2025-05-29 16:07:45
1831,23.484,2025-05-29 17:07:45
1832,23.388,2025-05-29 18:07:45
1833,23.292,2025-05-29 19:07:45
1834,23.004,2025-05-29 20:07:45
1835,22.812,2025-05-29 21:07:45
1836,22.621,2025-05-29 22:07:45
1837,22.429,2025-05-29 23:07:45
1838,22.333,2025-05-30 00:07:45
1839,22.238,2025-05-30 01:07:45
1840,22.046,2025-05-30 02:07:45
1841,22.046,2025-05-30 03:07:45
1842,22.429,2025-05-30 04:07:45
1843,22.429,2025-05-30 05:07:45
1844,22.717,2025-05-30 06:07:45
1845,22.908,2025-05-30 07:07:45
1846,23.004,2025-05-30 08:07:45
1847,23.292,2025-05-30 09:07:45
1848,23.966,2025-05-30 10:07:45
1849,24.158,2025-05-30 11:07:45
1850,24.158,2025-05-30 12:07:45
1851,24.062,2025-05-30 13:07:45
1852,23.773,2025-05-30 14:07:45
1853,23.773,2025-05-30 15:07:45
1854,23.773,2025-05-30 16:07:45
1855,23.677,2025-05-30 17:07:45
1856,23.581,2025-05-30 18:07:45
1857,23.388,2025-05-30 19:07:45
1858,23.1,2025-05-30 20:07:45
1859,22.908,2025-05-30 21:07:45
1860,22.717,2025-05-30 22:07:45
1861,22.621,2025-05-30 23:07:45
1862,22.429,2025-05-31 00:07:45
1863,22.333,2025-05-31 01:07:45
1864,22.238,2025-05-31 02:07:45
1865,22.142,2025-05-31 03:07:45
1866,22.621,2025-05-31 04:07:45
1867,23.196,2025-05-31 05:07:45
1868,23.196,2025-05-31 06:07:45
1869,23.677,2025-05-31 07:07:45
1870,23.869,2025-05-31 08:07:45
1871,26.195,2025-05-31 09:07:45
1872,25.61,2025-05-31 10:07:45
1873,24.835,2025-05-31 11:07:45
1874,24.545,2025-05-31 12:07:45
1875,24.255,2025-05-31 13:07:45
1876,24.062,2025-05-31 14:07:45
1877,23.869,2025-05-31 15:07:45
1878,23.773,2025-05-31 16:07:45
1879,23.677,2025-05-31 17:07:45
1880,23.581,2025-05-31 18:07:45
1881,23.388,2025-05-31 19:07:45
1882,23.196,2025-05-31 20:07:45
1883,23.004,2025-05-31 21:07:45
1884,22.812,2025-05-31 22:07:45
1885,22.717,2025-05-31 23:07:45
1886,22.621,2025-06-01 00:07:45
1887,22.525,2025-06-01 01:07:45
1888,22.333,2025-06-01 02:07:45
1889,22.333,2025-06-01 03:07:45
1890,22.333,2025-06-01 04:07:45
1891,23.196,2025-06-01 05:07:45
1892,24.448,2025-06-01 06:07:45
1893,23.677,2025-06-01 07:07:45
1894,23.484,2025-06-01 08:07:45
1895,26.195,2025-06-01 09:07:45
1896,25.805,2025-06-01 10:07:45
1897,25.416,2025-06-01 11:07:45
1898,25.028,2025-06-01 12:07:45
1899,25.028,2025-06-01 13:07:45
1900,24.931,2025-06-01 14:07:45
1901,24.641,2025-06-01 15:07:45
1902,24.062,2025-06-01 16:07:45
1903,23.869,2025-06-01 17:07:45
1904,23.484,2025-06-01 18:07:45
1905,23.292,2025-06-01 19:07:45
1906,23.1,2025-06-01 20:07:45
1907,22.908,2025-06-01 21:07:45
1908,22.812,2025-06-01 22:07:45
1909,22.717,2025-06-01 23:07:45
1910,22.621,2025-06-02 00:07:45
1911,22.621,2025-06-02 01:07:45
1912,22.525,2025-06-02 02:07:45
1913,22.525,2025-06-02 03:07:45
1914,22.525,2025-06-02 04:07:45
1915,23.388,2025-06-02 05:07:45
1916,23.1,2025-06-02 06:07:45
1917,23.773,2025-06-02 07:07:45
1918,23.869,2025-06-02 08:07:45
1919,27.567,2025-06-02 09:07:45
1920,25.708,2025-06-02 10:07:45
1921,25.319,2025-06-02 11:07:45
1922,24.931,2025-06-02 12:07:45
1923,24.641,2025-06-02 13:07:45
1924,24.158,2025-06-02 14:07:45
1925,24.255,2025-06-02 15:07:45
1926,24.255,2025-06-02 16:07:45
1927,24.062,2025-06-02 17:07:45
1928,23.869,2025-06-02 18:07:45
1929,23.581,2025-06-02 19:07:45
1930,23.388,2025-06-02 20:07:45
1931,23.1,2025-06-02 21:07:45
1932,23.004,2025-06-02 22:07:45
1933,22.908,2025-06-02 23:07:45
1934,22.812,2025-06-03 00:07:45
1935,22.621,2025-06-03 01:07:45
1936,22.525,2025-06-03 02:07:45
1937,22.525,2025-06-03 03:07:45
1938,23.004,2025-06-03 04:07:45
1939,22.908,2025-06-03 05:07:45
1940,23.388,2025-06-03 06:07:45
1941,24.062,2025-06-03 07:07:45
1942,24.062,2025-06-03 08:07:45
1943,27.862,2025-06-03 09:07:45
1944,25.416,2025-06-03 10:07:45
1945,24.738,2025-06-03 11:07:45
1946,24.448,2025-06-03 12:07:45
1947,24.158,2025-06-03 13:07:45
1948,23.966,2025-06-03 14:07:45
1949,23.869,2025-06-03 15:07:45
1950,23.773,2025-06-03 16:07:45
1951,23.677,2025-06-03 17:07:45
1952,23.581,2025-06-03 18:07:45
1953,23.484,2025-06-03 19:07:45
1954,23.196,2025-06-03 20:07:45
1955,23.004,2025-06-03 21:07:45
1956,22.908,2025-06-03 22:07:45
1957,22.812,2025-06-03 23:07:45
1958,22.621,2025-06-04 00:07:45
1959,22.621,2025-06-04 01:07:45
1960,22.525,2025-06-04 02:07:45
1961,22.429,2025-06-04 03:07:45
1962,22.621,2025-06-04 04:07:45
1963,22.812,2025-06-04 05:07:45
1964,22.908,2025-06-04 06:07:45
1965,23.292,2025-06-04 07:07:45
1966,23.292,2025-06-04 08:07:45
1967,26.195,2025-06-04 09:07:45
1968,25.708,2025-06-04 10:07:45
1969,25.416,2025-06-04 11:07:45
1970,25.028,2025-06-04 12:07:45
1971,24.641,2025-06-04 13:07:45
1972,24.448,2025-06-04 14:07:45
1973,24.351,2025-06-04 15:07:45
1974,24.158,2025-06-04 16:07:45
1975,23.869,2025-06-04 17:07:45
1976,23.773,2025-06-04 18:07:45
1977,23.581,2025-06-04 19:07:45
1978,23.292,2025-06-04 20:07:45
1979,23.1,2025-06-04 21:07:45
1980,22.908,2025-06-04 22:07:45
1981,22.812,2025-06-04 23:07:45
1982,22.812,2025-06-05 00:07:45
1983,22.717,2025-06-05 01:07:45
1984,22.621,2025-06-05 02:07:45
1985,22.621,2025-06-05 03:07:45
1986,22.717,2025-06-05 04:07:45
1987,23.292,2025-06-05 05:07:45
1988,23.1,2025-06-05 06:07:45
1989,23.484,2025-06-05 07:07:45
1990,23.677,2025-06-05 08:07:45
1991,26.195,2025-06-05 09:07:45
1992,25.708,2025-06-05 10:07:45
1993,25.222,2025-06-05 11:07:45
1994,24.738,2025-06-05 12:07:45
1995,24.545,2025-06-05 13:07:45
1996,24.255,2025-06-05 14:07:45
1997,24.158,2025-06-05 15:07:45
1998,23.966,2025-06-05 16:07:45
1999,23.869,2025-06-05 17:07:45
2000,23.773,2025-06-05 18:07:45
2001,23.484,2025-06-05 19:07:45
2002,23.292,2025-06-05 20:07:45
2003,23.004,2025-06-05 21:07:45
2004,22.908,2025-06-05 22:07:45
2005,22.812,2025-06-05 23:07:45
2006,22.717,2025-06-06 00:07:45
2007,22.621,2025-06-06 01:07:45
2008,22.525,2025-06-06 02:07:45
2009,22.429,2025-06-06 03:07:45
2010,22.525,2025-06-06 04:07:45
2011,23.484,2025-06-06 05:07:45
2012,23.388,2025-06-06 06:07:45
2013,24.158,2025-06-06 07:07:45
2014,23.677,2025-06-06 08:07:45
2015,23.966,2025-06-06 09:07:45
2016,24.448,2025-06-06 10:07:45
2017,24.062,2025-06-06 11:07:45
2018,24.062,2025-06-06 12:07:45
2019,23.677,2025-06-06 13:07:45
2020,23.581,2025-06-06 14:07:45
2021,23.966,2025-06-06 15:07:45
2022,23.677,2025-06-06 16:07:45
2023,23.581,2025-06-06 17:07:45
2024,23.484,2025-06-06 18:07:45
2025,23.196,2025-06-06 19:07:45
2026,23.004,2025-06-06 20:07:45
2027,22.812,2025-06-06 21:07:45
2028,22.717,2025-06-06 22:07:45
2029,22.621,2025-06-06 23:07:45
2030,22.525,2025-06-07 00:07:45
2031,22.429,2025-06-07 01:07:45
2032,22.333,2025-06-07 02:07:45
2033,22.238,2025-06-07 03:07:45
2034,22.621,2025-06-07 04:07:45
2035,22.812,2025-06-07 05:07:45
2036,23.1,2025-06-07 06:07:45
2037,23.581,2025-06-07 07:07:45
2038,23.869,2025-06-07 08:07:45
2039,29.053,2025-06-07 09:07:45
2040,25.416,2025-06-07 10:07:45
2041,24.931,2025-06-07 11:07:45
2042,25.028,2025-06-07 12:07:45
2043,24.738,2025-06-07 13:07:45
2044,24.545,2025-06-07 14:07:45
2045,24.351,2025-06-07 15:07:45
2046,24.062,2025-06-07 16:07:45
2047,23.869,2025-06-07 17:07:45
2048,23.677,2025-06-07 18:07:45
2049,23.484,2025-06-07 19:07:45
2050,23.196,2025-06-07 20:07:45
2051,23.004,2025-06-07 21:07:45
2052,22.812,2025-06-07 22:07:45
2053,22.717,2025-06-07 23:07:45
2054,22.717,2025-06-08 00:07:45
2055,22.621,2025-06-08 01:07:45
2056,22.525,2025-06-08 02:07:45
2057,22.429,2025-06-08 03:07:45
2058,22.525,2025-06-08 04:07:45
2059,22.717,2025-06-08 05:07:45
2060,22.908,2025-06-08 06:07:45
2061,24.158,2025-06-08 07:07:45
2062,23.581,2025-06-08 08:07:45
2063,24.545,2025-06-08 09:07:45
2064,25.708,2025-06-08 10:07:45
2065,24.931,2025-06-08 11:07:45
2066,25.028,2025-06-08 12:07:45
2067,24.835,2025-06-08 13:07:45
2068,24.448,2025-06-08 14:07:45
2069,24.255,2025-06-08 15:07:45
2070,23.869,2025-06-08 16:07:45
2071,23.581,2025-06-08 17:07:45
2072,23.388,2025-06-08 18:07:45
2073,23.1,2025-06-08 19:07:45
2074,22.908,2025-06-08 20:07:45
2075,22.812,2025-06-08 21:07:45
2076,22.717,2025-06-08 22:07:45
2077,22.621,2025-06-08 23:07:45
2078,22.525,2025-06-09 00:07:45
2079,22.429,2025-06-09 01:07:45
2080,22.333,2025-06-09 02:07:45
2081,22.333,2025-06-09 03:07:45
2082,22.238,2025-06-09 04:07:45
2083,22.429,2025-06-09 05:07:45
2084,22.717,2025-06-09 06:07:45
2085,23.004,2025-06-09 07:07:45
2086,23.196,2025-06-09 08:07:45
2087,25.416,2025-06-09 09:07:45
2088,25.416,2025-06-09 10:07:45
2089,25.125,2025-06-09 11:07:45
2090,24.641,2025-06-09 12:07:45
2091,24.448,2025-06-09 13:07:45
2092,24.351,2025-06-09 14:07:45
2093,24.062,2025-06-09 15:07:45
2094,24.062,2025-06-09 16:07:45
2095,23.773,2025-06-09 17:07:45
2096,23.581,2025-06-09 18:07:45
2097,23.388,2025-06-09 19:07:45
2098,23.1,2025-06-09 20:07:45
2099,22.812,2025-06-09 21:07:45
2100,22.717,2025-06-09 22:07:45
2101,22.525,2025-06-09 23:07:45
2102,22.429,2025-06-10 00:07:45
2103,22.333,2025-06-10 01:07:45
2104,22.238,2025-06-10 02:07:45
2105,22.142,2025-06-10 03:07:45
2106,22.333,2025-06-10 04:07:45
2107,22.717,2025-06-10 05:07:45
2108,22.908,2025-06-10 06:07:45
2109,22.812,2025-06-10 07:07:45
2110,22.908,2025-06-10 08:07:45
2111,23.869,2025-06-10 09:07:45
2112,23.966,2025-06-10 10:07:45
2113,24.448,2025-06-10 11:07:45
2114,24.158,2025-06-10 12:07:45
2115,23.773,2025-06-10 13:07:45
2116,23.869,2025-06-10 14:07:45
2117,23.677,2025-06-10 15:07:45
2118,23.388,2025-06-10 16:07:45
2119,23.292,2025-06-10 17:07:45
2120,23.1,2025-06-10 18:07:45
2121,22.908,2025-06-10 19:07:45
2122,22.717,2025-06-10 20:07:45
2123,22.525,2025-06-10 21:07:45
2124,22.333,2025-06-10 22:07:45
2125,22.238,2025-06-10 23:07:45
2126,22.238,2025-06-11 00:07:45
2127,22.142,2025-06-11 01:07:45
2128,22.046,2025-06-11 02:07:45
2129,22.046,2025-06-11 03:07:45
2130,22.046,2025-06-11 04:07:45
2131,22.046,2025-06-11 05:07:45
2132,22.142,2025-06-11 06:07:45
2133,23.004,2025-06-11 07:07:45
2134,22.621,2025-06-11 08:07:45
2135,24.545,2025-06-11 09:07:45
2136,24.641,2025-06-11 10:07:45
2137,24.448,2025-06-11 11:07:45
2138,24.255,2025-06-11 12:07:45
2139,24.062,2025-06-11 13:07:45
2140,23.966,2025-06-11 14:07:45
2141,23.966,2025-06-11 15:07:45
2142,23.677,2025-06-11 16:07:45
2143,23.484,2025-06-11 17:07:45
2144,23.388,2025-06-11 18:07:45
2145,23.196,2025-06-11 19:07:45
2146,23.004,2025-06-11 20:07:45
2147,22.717,2025-06-11 21:07:45
2148,22.525,2025-06-11 22:07:45
2149,22.429,2025-06-11 23:07:45
2150,22.238,2025-06-12 00:07:45
2151,22.142,2025-06-12 01:07:45
2152,22.046,2025-06-12 02:07:45
2153,21.951,2025-06-12 03:07:45
2154,22.333,2025-06-12 04:07:45
2155,22.429,2025-06-12 05:07:45
2156,22.717,2025-06-12 06:07:45
2157,23.388,2025-06-12 07:07:45
2158,23.581,2025-06-12 08:07:45
2159,29.352,2025-06-12 09:07:45
2160,25.513,2025-06-12 10:07:45
2161,24.738,2025-06-12 11:07:45
2162,24.351,2025-06-12 12:07:45
2163,24.062,2025-06-12 13:07:45
2164,23.869,2025-06-12 14:07:45
2165,23.677,2025-06-12 15:07:45
2166,23.581,2025-06-12 16:07:45
2167,23.484,2025-06-12 17:07:45
2168,23.388,2025-06-12 18:07:45
2169,23.196,2025-06-12 19:07:45
2170,23.004,2025-06-12 20:07:45
2171,22.812,2025-06-12 21:07:45
2172,22.621,2025-06-12 22:07:45
2173,22.429,2025-06-12 23:07:45
2174,22.333,2025-06-13 00:07:45
2175,22.238,2025-06-13 01:07:45
2176,22.046,2025-06-13 02:07:45
2177,21.951,2025-06-13 03:07:45
2178,22.525,2025-06-13 04:07:45
2179,22.333,2025-06-13 05:07:45
2180,22.717,2025-06-13 06:07:45
2181,23.484,2025-06-13 07:07:45
2182,23.773,2025-06-13 08:07:45
2183,29.853,2025-06-13 09:07:45
2184,25.513,2025-06-13 10:07:45
2185,24.641,2025-06-13 11:07:45
2186,24.255,2025-06-13 12:07:45
2187,23.966,2025-06-13 13:07:45
2188,23.773,2025-06-13 14:07:45
2189,23.677,2025-06-13 15:07:45
2190,23.581,2025-06-13 16:07:45
2191,23.581,2025-06-13 17:07:45
2192,23.388,2025-06-13 18:07:45
2193,23.388,2025-06-13 19:07:45
2194,23.1,2025-06-13 20:07:45
2195,22.908,2025-06-13 21:07:45
2196,22.717,2025-06-13 22:07:45
2197,22.621,2025-06-13 23:07:45
2198,22.429,2025-06-14 00:07:45
2199,22.429,2025-06-14 01:07:45
2200,22.333,2025-06-14 02:07:45
2201,22.238,2025-06-14 03:07:45
2202,22.525,2025-06-14 04:07:45
2203,22.621,2025-06-14 05:07:45
2204,23.1,2025-06-14 06:07:45
2205,23.869,2025-06-14 07:07:45
2206,24.158,2025-06-14 08:07:45
2207,30.659,2025-06-14 09:07:45
2208,25.416,2025-06-14 10:07:45
2209,24.641,2025-06-14 11:07:45
2210,24.448,2025-06-14 12:07:45
2211,24.255,2025-06-14 13:07:45
2212,24.062,2025-06-14 14:07:45
2213,23.869,2025-06-14 15:07:45
2214,23.773,2025-06-14 16:07:45
2215,23.677,2025-06-14 17:07:45
2216,23.581,2025-06-14 18:07:45
2217,23.484,2025-06-14 19:07:45
2218,23.292,2025-06-14 20:07:45
2219,23.004,2025-06-14 21:07:45
2220,22.908,2025-06-14 22:07:45
2221,22.717,2025-06-14 23:07:45
2222,22.717,2025-06-15 00:07:45
2223,22.621,2025-06-15 01:07:45
2224,22.525,2025-06-15 02:07:45
2225,22.429,2025-06-15 03:07:45
2226,22.908,2025-06-15 04:07:45
2227,22.812,2025-06-15 05:07:45
2228,23.196,2025-06-15 06:07:45
2229,23.869,2025-06-15 07:07:45
2230,24.158,2025-06-15 08:07:45
2231,30.558,2025-06-15 09:07:45
2232,25.708,2025-06-15 10:07:45
2233,25.028,2025-06-15 11:07:45
2234,24.738,2025-06-15 12:07:45
2235,24.351,2025-06-15 13:07:45
2236,24.158,2025-06-15 14:07:45
2237,24.062,2025-06-15 15:07:45
2238,23.966,2025-06-15 16:07:45
2239,23.869,2025-06-15 17:07:45
2240,23.773,2025-06-15 18:07:45
2241,23.677,2025-06-15 19:07:45
2242,23.388,2025-06-15 20:07:45
2243,23.292,2025-06-15 21:07:45
2244,23.1,2025-06-15 22:07:45
2245,23.004,2025-06-15 23:07:45
2246,22.908,2025-06-16 00:07:45
2247,22.812,2025-06-16 01:07:45
2248,22.812,2025-06-16 02:07:45
2249,22.812,2025-06-16 03:07:45
2250,22.812,2025-06-16 04:07:45
2251,22.908,2025-06-16 05:07:45
2252,22.908,2025-06-16 06:07:45
2253,23.004,2025-06-16 07:07:45
2254,23.004,2025-06-16 08:07:45
2255,24.255,2025-06-16 09:07:45
2256,24.351,2025-06-16 10:07:45
2257,25.125,2025-06-16 11:07:45
2258,24.738,2025-06-16 12:07:45
2259,24.738,2025-06-16 13:07:45
2260,24.641,2025-06-16 14:07:45
2261,24.255,2025-06-16 15:07:45
2262,24.158,2025-06-16 16:07:45
2263,23.966,2025-06-16 17:07:45
2264,23.773,2025-06-16 18:07:45
2265,23.581,2025-06-16 19:07:45
2266,23.388,2025-06-16 20:07:45
2267,23.196,2025-06-16 21:07:45
2268,23.004,2025-06-16 22:07:45
2269,22.908,2025-06-16 23:07:45
2270,22.812,2025-06-17 00:07:45
2271,22.717,2025-06-17 01:07:45
2272,22.621,2025-06-17 02:07:45
2273,22.621,2025-06-17 03:07:45
2274,23.1,2025-06-17 04:07:45
2275,23.196,2025-06-17 05:07:45
2276,23.388,2025-06-17 06:07:45
2277,23.773,2025-06-17 07:07:45
2278,23.773,2025-06-17 08:07:45
2279,29.853,2025-06-17 09:07:45
2280,25.708,2025-06-17 10:07:45
2281,25.028,2025-06-17 11:07:45
2282,25.125,2025-06-17 12:07:45
2283,25.028,2025-06-17 13:07:45
2284,24.641,2025-06-17 14:07:45
2285,24.255,2025-06-17 15:07:45
2286,24.255,2025-06-17 16:07:45
2287,24.158,2025-06-17 17:07:45
2288,24.062,2025-06-17 18:07:45
2289,23.773,2025-06-17 19:07:45
2290,23.581,2025-06-17 20:07:45
2291,23.484,2025-06-17 21:07:45
2292,23.388,2025-06-17 22:07:45
2293,23.292,2025-06-17 23:07:45
2294,23.196,2025-06-18 00:07:45
2295,23.1,2025-06-18 01:07:45
2296,23.1,2025-06-18 02:07:45
2297,23.004,2025-06-18 03:07:45
2298,23.1,2025-06-18 04:07:45
2299,23.484,2025-06-18 05:07:45
2300,23.388,2025-06-18 06:07:45
2301,23.388,2025-06-18 07:07:45
2302,23.677,2025-06-18 08:07:45
2303,29.252,2025-06-18 09:07:45
2304,25.902,2025-06-18 10:07:45
2305,25.028,2025-06-18 11:07:45
2306,24.545,2025-06-18 12:07:45
2307,24.351,2025-06-18 13:07:45
2308,24.351,2025-06-18 14:07:45
2309,24.158,2025-06-18 15:07:45
2310,23.966,2025-06-18 16:07:45
2311,23.869,2025-06-18 17:07:45
2312,23.869,2025-06-18 18:07:45
2313,23.773,2025-06-18 19:07:45
2314,23.484,2025-06-18 20:07:45
2315,23.292,2025-06-18 21:07:45
2316,23.196,2025-06-18 22:07:45
2317,23.1,2025-06-18 23:07:45
2318,23.004,2025-06-19 00:07:45
2319,22.908,2025-06-19 01:07:45
2320,22.812,2025-06-19 02:07:45
2321,22.812,2025-06-19 03:07:45
2322,23.196,2025-06-19 04:07:45
2323,23.196,2025-06-19 05:07:45
2324,23.484,2025-06-19 06:07:45
2325,24.062,2025-06-19 07:07:45
2326,24.158,2025-06-19 08:07:45
2327,27.862,2025-06-19 09:07:45
2328,25.805,2025-06-19 10:07:45
2329,25.125,2025-06-19 11:07:45
2330,24.835,2025-06-19 12:07:45
2331,24.545,2025-06-19 13:07:45
2332,24.158,2025-06-19 14:07:45
2333,24.255,2025-06-19 15:07:45
2334,24.062,2025-06-19 16:07:45
2335,23.966,2025-06-19 17:07:45
2336,23.869,2025-06-19 18:07:45
2337,23.677,2025-06-19 19:07:45
2338,23.484,2025-06-19 20:07:45
2339,23.196,2025-06-19 21:07:45
2340,23.1,2025-06-19 22:07:45
2341,23.004,2025-06-19 23:07:45
2342,22.908,2025-06-20 00:07:45
2343,22.812,2025-06-20 01:07:45
2344,22.717,2025-06-20 02:07:45
2345,22.621,2025-06-20 03:07:45
2346,23.196,2025-06-20 04:07:45
2347,23.1,2025-06-20 05:07:45
2348,23.484,2025-06-20 06:07:45
2349,24.062,2025-06-20 07:07:45
2350,24.255,2025-06-20 08:07:45
2351,30.963,2025-06-20 09:07:45
2352,26,2025-06-20 10:07:45
2353,25.222,2025-06-20 11:07:45
2354,24.835,2025-06-20 12:07:45
2355,24.835,2025-06-20 13:07:45
2356,24.931,2025-06-20 14:07:45
2357,24.738,2025-06-20 15:07:45
2358,24.545,2025-06-20 16:07:45
2359,24.158,2025-06-20 17:07:45
2360,24.062,2025-06-20 18:07:45
2361,23.869,2025-06-20 19:07:45
2362,23.773,2025-06-20 20:07:45
2363,23.484,2025-06-20 21:07:45
2364,23.292,2025-06-20 22:07:45
2365,23.196,2025-06-20 23:07:45
2366,23.1,2025-06-21 00:07:45
2367,23.004,2025-06-21 01:07:45
2368,22.908,2025-06-21 02:07:45
2369,22.908,2025-06-21 03:07:45
2370,23.388,2025-06-21 04:07:45
2371,23.388,2025-06-21 05:07:45
2372,23.869,2025-06-21 06:07:45
2373,23.773,2025-06-21 07:07:45
2374,23.966,2025-06-21 08:07:45
2375,30.356,2025-06-21 09:07:45
2376,26.195,2025-06-21 10:07:45
2377,25.416,2025-06-21 11:07:45
2378,25.125,2025-06-21 12:07:45
2379,24.351,2025-06-21 13:07:45
2380,24.351,2025-06-21 14:07:45
2381,24.158,2025-06-21 15:07:45
2382,24.062,2025-06-21 16:07:45
2383,24.062,2025-06-21 17:07:45
2384,23.966,2025-06-21 18:07:45
2385,23.869,2025-06-21 19:07:45
2386,23.677,2025-06-21 20:07:45
2387,23.484,2025-06-21 21:07:45
2388,23.388,2025-06-21 22:07:45
2389,23.292,2025-06-21 23:07:45
2390,23.196,2025-06-22 00:07:45
2391,23.1,2025-06-22 01:07:45
2392,23.004,2025-06-22 02:07:45
2393,22.908,2025-06-22 03:07:45
2394,23.388,2025-06-22 04:07:45
2395,23.388,2025-06-22 05:07:45
2396,23.773,2025-06-22 06:07:45
2397,24.448,2025-06-22 07:07:45
2398,24.448,2025-06-22 08:07:45
2399,31.37,2025-06-22 09:07:45
2400,26,2025-06-22 10:07:45
2401,25.125,2025-06-22 11:07:45
2402,24.835,2025-06-22 12:07:45
2403,24.351,2025-06-22 13:07:45
2404,24.351,2025-06-22 14:07:45
2405,24.158,2025-06-22 15:07:45
2406,24.448,2025-06-22 16:07:45
2407,24.255,2025-06-22 17:07:45
2408,24.062,2025-06-22 18:07:45
2409,23.773,2025-06-22 19:07:45
2410,23.581,2025-06-22 20:07:45
2411,23.292,2025-06-22 21:07:45
2412,23.196,2025-06-22 22:07:45
2413,23.1,2025-06-22 23:07:45
2414,23.004,2025-06-23 00:07:45
2415,23.004,2025-06-23 01:07:45
2416,22.908,2025-06-23 02:07:45
2417,22.908,2025-06-23 03:07:45
2418,22.812,2025-06-23 04:07:45
2419,22.908,2025-06-23 05:07:45
2420,23.004,2025-06-23 06:07:45
2421,23.004,2025-06-23 07:07:45
2422,24.255,2025-06-23 08:07:45
2423,23.388,2025-06-23 09:07:45
2424,25.028,2025-06-23 10:07:45
2425,24.158,2025-06-23 11:07:45
2426,24.062,2025-06-23 12:07:45
2427,24.062,2025-06-23 13:07:45
2428,24.062,2025-06-23 14:07:45
2429,23.966,2025-06-23 15:07:45
2430,23.677,2025-06-23 16:07:45
2431,23.388,2025-06-23 17:07:45
2432,23.484,2025-06-23 18:07:45
2433,23.484,2025-06-23 19:07:45
2434,23.388,2025-06-23 20:07:45
2435,23.292,2025-06-23 21:07:45
2436,23.196,2025-06-23 22:07:45
2437,23.1,2025-06-23 23:07:45
2438,23.004,2025-06-24 00:07:45
2439,22.908,2025-06-24 01:07:45
2440,22.908,2025-06-24 02:07:45
2441,22.812,2025-06-24 03:07:45
2442,22.717,2025-06-24 04:07:45
2443,22.717,2025-06-24 05:07:45
2444,22.717,2025-06-24 06:07:45
2445,22.812,2025-06-24 07:07:45
2446,22.812,2025-06-24 08:07:45
2447,23.004,2025-06-24 09:07:45
2448,23.196,2025-06-24 10:07:45
2449,23.388,2025-06-24 11:07:45
2450,23.484,2025-06-24 12:07:45
2451,23.484,2025-06-24 13:07:45
2452,23.484,2025-06-24 14:07:45
2453,23.292,2025-06-24 15:07:45
2454,23.196,2025-06-24 16:07:45
2455,23.196,2025-06-24 17:07:45
2456,23.1,2025-06-24 18:07:45
2457,23.1,2025-06-24 19:07:45
2458,23.1,2025-06-24 20:07:45
2459,23.004,2025-06-24 21:07:45
2460,22.908,2025-06-24 22:07:45
2461,22.812,2025-06-24 23:07:45
2462,22.717,2025-06-25 00:07:45
2463,22.717,2025-06-25 01:07:45
2464,22.621,2025-06-25 02:07:45
2465,22.621,2025-06-25 03:07:45
2466,22.621,2025-06-25 04:07:45
2467,22.717,2025-06-25 05:07:45
2468,22.812,2025-06-25 06:07:45
2469,22.908,2025-06-25 07:07:45
2470,23.1,2025-06-25 08:07:45
2471,23.004,2025-06-25 09:07:45
